Kind,Name,MaxCyclomatic,CountLine,CountLineComment
Class,"AccessGatewayFilter.AccessGatewayFilter",3,34,6
Function,"AccessGatewayFilter.AccessGatewayFilter.__init__",,2,0
Function,"AccessGatewayFilter.AccessGatewayFilter.filter",,7,2
Function,"AccessGatewayFilter.AccessGatewayFilter.get_jwt_user",,8,1
Function,"AccessGatewayFilter.AccessGatewayFilter.is_start_with",,7,1
Function,"AccessGatewayFilter.AccessGatewayFilter.set_current_user_info_and_log",,5,2
Module File,"AccessGatewayFilter.py",3,38,6
Class,"ArgumentParser.ArgumentParser",8,66,0
Function,"ArgumentParser.ArgumentParser.__init__",,4,0
Function,"ArgumentParser.ArgumentParser._convert_type",,17,0
Function,"ArgumentParser.ArgumentParser.add_argument",,4,0
Function,"ArgumentParser.ArgumentParser.get_argument",,2,0
Function,"ArgumentParser.ArgumentParser.parse_arguments",,34,0
Module File,"ArgumentParser.py",8,66,0
Class,"AssessmentSystem.AssessmentSystem",4,55,7
Function,"AssessmentSystem.AssessmentSystem.__init__",,3,1
Function,"AssessmentSystem.AssessmentSystem.add_course_score",,4,1
Function,"AssessmentSystem.AssessmentSystem.add_student",,3,1
Function,"AssessmentSystem.AssessmentSystem.get_all_students_with_fail_course",,9,1
Function,"AssessmentSystem.AssessmentSystem.get_course_average",,12,1
Function,"AssessmentSystem.AssessmentSystem.get_gpa",,7,1
Function,"AssessmentSystem.AssessmentSystem.get_top_student",,10,1
Module File,"AssessmentSystem.py",4,55,7
Class,"AutomaticGuitarSimulator.AutomaticGuitarSimulator",6,61,28
Function,"AutomaticGuitarSimulator.AutomaticGuitarSimulator.__init__",,8,5
Function,"AutomaticGuitarSimulator.AutomaticGuitarSimulator.display",,13,9
Function,"AutomaticGuitarSimulator.AutomaticGuitarSimulator.interpret",,37,14
Module File,"AutomaticGuitarSimulator.py",6,61,28
Class,"BankAccount.BankAccount",3,34,5
Function,"BankAccount.BankAccount.__init__",,3,1
Function,"BankAccount.BankAccount.deposit",,6,1
Function,"BankAccount.BankAccount.transfer",,9,1
Function,"BankAccount.BankAccount.view_balance",,3,1
Function,"BankAccount.BankAccount.withdraw",,8,1
Module File,"BankAccount.py",3,34,5
Class,"BlackjackGame.BlackjackGame",7,50,8
Function,"BlackjackGame.BlackjackGame.__init__",,5,1
Function,"BlackjackGame.BlackjackGame.calculate_hand_value",,11,2
Function,"BlackjackGame.BlackjackGame.check_winner",,23,4
Function,"BlackjackGame.BlackjackGame.create_deck",,7,1
Module File,"BlackjackGame.py",7,52,8
Class,"BookManagement.BookManagement",4,37,6
Function,"BookManagement.BookManagement.__init__",,3,1
Function,"BookManagement.BookManagement.add_book",,8,2
Function,"BookManagement.BookManagement.remove_book",,12,1
Function,"BookManagement.BookManagement.view_book_quantity",,6,1
Function,"BookManagement.BookManagement.view_inventory",,3,1
Module File,"BookManagement.py",4,37,6
Class,"BookManagementDB.BookManagementDB",1,32,0
Function,"BookManagementDB.BookManagementDB.__init__",,4,0
Function,"BookManagementDB.BookManagementDB.add_book",,3,0
Function,"BookManagementDB.BookManagementDB.borrow_book",,3,0
Function,"BookManagementDB.BookManagementDB.create_table",,6,0
Function,"BookManagementDB.BookManagementDB.remove_book",,3,0
Function,"BookManagementDB.BookManagementDB.return_book",,3,0
Function,"BookManagementDB.BookManagementDB.search_books",,3,0
Module File,"BookManagementDB.py",1,34,0
Class,"BoyerMooreSearch.BoyerMooreSearch",4,34,0
Function,"BoyerMooreSearch.BoyerMooreSearch.__init__",,5,0
Function,"BoyerMooreSearch.BoyerMooreSearch.bad_character_heuristic",,15,0
Function,"BoyerMooreSearch.BoyerMooreSearch.match_in_pattern",,5,0
Function,"BoyerMooreSearch.BoyerMooreSearch.mismatch_in_text",,5,0
Module File,"BoyerMooreSearch.py",4,34,0
Class,"CSVProcessor.CSVProcessor",2,33,0
Function,"CSVProcessor.CSVProcessor.__init__",,2,0
Function,"CSVProcessor.CSVProcessor.process_csv_data",,10,0
Function,"CSVProcessor.CSVProcessor.read_csv",,9,0
Function,"CSVProcessor.CSVProcessor.write_csv",,8,0
Module File,"CSVProcessor.py",2,35,0
Class,"Calculator.Calculator",6,46,0
Function,"Calculator.Calculator.__init__",,8,0
Function,"Calculator.Calculator.apply_operator",,7,0
Function,"Calculator.Calculator.calculate",,18,0
Function,"Calculator.Calculator.precedence",,9,0
Module File,"Calculator.py",6,46,0
Class,"CalendarUtil.CalendarUtil",5,35,0
Function,"CalendarUtil.CalendarUtil.__init__",,2,0
Function,"CalendarUtil.CalendarUtil.add_event",,2,0
Function,"CalendarUtil.CalendarUtil.get_available_slots",,12,0
Function,"CalendarUtil.CalendarUtil.get_events",,2,0
Function,"CalendarUtil.CalendarUtil.get_upcoming_events",,3,0
Function,"CalendarUtil.CalendarUtil.is_available",,5,0
Function,"CalendarUtil.CalendarUtil.remove_event",,2,0
Module File,"CalendarUtil.py",5,37,0
Class,"CamelCaseMap.CamelCaseMap",1,26,0
Function,"CamelCaseMap.CamelCaseMap.__delitem__",,2,0
Function,"CamelCaseMap.CamelCaseMap.__getitem__",,2,0
Function,"CamelCaseMap.CamelCaseMap.__init__",,2,0
Function,"CamelCaseMap.CamelCaseMap.__iter__",,2,0
Function,"CamelCaseMap.CamelCaseMap.__len__",,2,0
Function,"CamelCaseMap.CamelCaseMap.__setitem__",,2,0
Function,"CamelCaseMap.CamelCaseMap._convert_key",,2,0
Function,"CamelCaseMap.CamelCaseMap._to_camel_case",,3,0
Module File,"CamelCaseMap.py",1,26,0
Class,"Chat.Chat",2,42,0
Function,"Chat.Chat.__init__",,2,0
Function,"Chat.Chat.add_user",,6,0
Function,"Chat.Chat.get_messages",,5,0
Function,"Chat.Chat.remove_user",,6,0
Function,"Chat.Chat.send_message",,18,0
Module File,"Chat.py",2,45,0
Class,"ClassRegistrationSystem.ClassRegistrationSystem",3,33,0
Function,"ClassRegistrationSystem.ClassRegistrationSystem.__init__",,3,0
Function,"ClassRegistrationSystem.ClassRegistrationSystem.get_all_major",,2,0
Function,"ClassRegistrationSystem.ClassRegistrationSystem.get_most_popular_class_in_major",,9,0
Function,"ClassRegistrationSystem.ClassRegistrationSystem.get_students_by_major",,2,0
Function,"ClassRegistrationSystem.ClassRegistrationSystem.register_class",,4,0
Function,"ClassRegistrationSystem.ClassRegistrationSystem.register_student",,7,0
Module File,"ClassRegistrationSystem.py",3,33,0
Class,"Classroom.Classroom",3,31,0
Function,"Classroom.Classroom.__init__",,3,0
Function,"Classroom.Classroom.add_course",,3,0
Function,"Classroom.Classroom.check_course_conflict",,9,0
Function,"Classroom.Classroom.is_free_at",,8,0
Function,"Classroom.Classroom.remove_course",,3,0
Module File,"Classroom.py",3,33,0
Class,"CombinationCalculator.CombinationCalculator",3,35,0
Function,"CombinationCalculator.CombinationCalculator.__init__",,2,0
Function,"CombinationCalculator.CombinationCalculator._select",,7,0
Function,"CombinationCalculator.CombinationCalculator.count",,4,0
Function,"CombinationCalculator.CombinationCalculator.count_all",,5,0
Function,"CombinationCalculator.CombinationCalculator.select",,4,0
Function,"CombinationCalculator.CombinationCalculator.select_all",,5,0
Module File,"CombinationCalculator.py",3,38,0
Class,"CookiesUtil.CookiesUtil",3,34,0
Function,"CookiesUtil.CookiesUtil.__init__",,3,0
Function,"CookiesUtil.CookiesUtil._save_cookies",,11,0
Function,"CookiesUtil.CookiesUtil.get_cookies",,7,0
Function,"CookiesUtil.CookiesUtil.load_cookies",,9,0
Module File,"CookiesUtil.py",3,36,0
Class,"DataStatistics4.DataStatistics4",1,30,0
Function,"DataStatistics4.DataStatistics4.correlation_coefficient",,6,0
Function,"DataStatistics4.DataStatistics4.kurtosis",,7,0
Function,"DataStatistics4.DataStatistics4.pdf",,2,0
Function,"DataStatistics4.DataStatistics4.skewness",,7,0
Module File,"DataStatistics4.py",1,34,0
Class,"DatabaseProcessor.DatabaseProcessor",3,55,0
Function,"DatabaseProcessor.DatabaseProcessor.__init__",,2,0
Function,"DatabaseProcessor.DatabaseProcessor.create_table",,14,0
Function,"DatabaseProcessor.DatabaseProcessor.delete_from_database",,11,0
Function,"DatabaseProcessor.DatabaseProcessor.insert_into_database",,12,0
Function,"DatabaseProcessor.DatabaseProcessor.search_database",,11,0
Module File,"DatabaseProcessor.py",3,58,0
Class,"DecryptionUtils.DecryptionUtils",12,64,3
Function,"DecryptionUtils.DecryptionUtils.__init__",,2,0
Function,"DecryptionUtils.DecryptionUtils.caesar_decipher",,9,0
Function,"DecryptionUtils.DecryptionUtils.rail_fence_decipher",,36,3
Function,"DecryptionUtils.DecryptionUtils.vigenere_decipher",,13,0
Module File,"DecryptionUtils.py",12,64,3
Class,"DiscountStrategy.DiscountStrategy",3,41,0
Function,"DiscountStrategy.DiscountStrategy.BulkItemPromo",,6,0
Function,"DiscountStrategy.DiscountStrategy.FidelityPromo",,5,0
Function,"DiscountStrategy.DiscountStrategy.LargeOrderPromo",,6,0
Function,"DiscountStrategy.DiscountStrategy.__init__",,5,0
Function,"DiscountStrategy.DiscountStrategy.due",,7,0
Function,"DiscountStrategy.DiscountStrategy.total",,3,0
Module File,"DiscountStrategy.py",3,41,0
Class,"EightPuzzle.EightPuzzle",5,47,0
Function,"EightPuzzle.EightPuzzle.__init__",,3,0
Function,"EightPuzzle.EightPuzzle.find_blank",,5,0
Function,"EightPuzzle.EightPuzzle.get_possible_moves",,12,0
Function,"EightPuzzle.EightPuzzle.move",,12,0
Function,"EightPuzzle.EightPuzzle.solve",,10,0
Module File,"EightPuzzle.py",5,47,0
Class,"EmailClient.EmailClient",3,36,0
Function,"EmailClient.EmailClient.__init__",,4,0
Function,"EmailClient.EmailClient.clear_inbox",,3,0
Function,"EmailClient.EmailClient.fetch",,6,0
Function,"EmailClient.EmailClient.get_occupied_size",,2,0
Function,"EmailClient.EmailClient.is_full_with_one_more_email",,2,0
Function,"EmailClient.EmailClient.send_to",,13,0
Module File,"EmailClient.py",3,38,0
Class,"EncryptionUtils.EncryptionUtils",5,42,0
Function,"EncryptionUtils.EncryptionUtils.__init__",,2,0
Function,"EncryptionUtils.EncryptionUtils.caesar_cipher",,9,0
Function,"EncryptionUtils.EncryptionUtils.rail_fence_cipher",,15,0
Function,"EncryptionUtils.EncryptionUtils.vigenere_cipher",,12,0
Module File,"EncryptionUtils.py",5,42,0
Class,"ExcelProcessor.ExcelProcessor",5,44,0
Function,"ExcelProcessor.ExcelProcessor.__init__",,2,0
Function,"ExcelProcessor.ExcelProcessor.process_excel_data",,15,0
Function,"ExcelProcessor.ExcelProcessor.read_excel",,13,0
Function,"ExcelProcessor.ExcelProcessor.write_excel",,10,0
Module File,"ExcelProcessor.py",5,46,0
Class,"ExpressionCalculator.ExpressionCalculator",9,69,0
Function,"ExpressionCalculator.ExpressionCalculator.__init__",,3,0
Function,"ExpressionCalculator.ExpressionCalculator._calculate",,17,0
Function,"ExpressionCalculator.ExpressionCalculator.calculate",,12,0
Function,"ExpressionCalculator.ExpressionCalculator.compare",,2,0
Function,"ExpressionCalculator.ExpressionCalculator.is_operator",,2,0
Function,"ExpressionCalculator.ExpressionCalculator.prepare",,21,0
Function,"ExpressionCalculator.ExpressionCalculator.transform",,2,0
Module File,"ExpressionCalculator.py",9,74,0
Class,"HRManagementSystem.HRManagementSystem",2,36,0
Function,"HRManagementSystem.HRManagementSystem.__init__",,2,0
Function,"HRManagementSystem.HRManagementSystem.add_employee",,6,0
Function,"HRManagementSystem.HRManagementSystem.get_employee",,5,0
Function,"HRManagementSystem.HRManagementSystem.list_employees",,5,0
Function,"HRManagementSystem.HRManagementSystem.remove_employee",,6,0
Function,"HRManagementSystem.HRManagementSystem.update_employee",,6,0
Module File,"HRManagementSystem.py",2,36,0
Class,"Hotel.Hotel",6,43,0
Function,"Hotel.Hotel.__init__",,4,0
Function,"Hotel.Hotel.book_room",,14,0
Function,"Hotel.Hotel.check_in",,12,0
Function,"Hotel.Hotel.check_out",,4,0
Function,"Hotel.Hotel.get_available_rooms",,4,0
Module File,"Hotel.py",6,43,0
Class,"HtmlUtil.HtmlUtil",2,29,0
Function,"HtmlUtil.HtmlUtil.__format_line_feed",,2,0
Function,"HtmlUtil.HtmlUtil.__init__",,10,0
Function,"HtmlUtil.HtmlUtil.extract_code_from_html_text",,7,0
Function,"HtmlUtil.HtmlUtil.format_line_html_text",,5,0
Module File,"HtmlUtil.py",2,34,0
Class,"Interpolation.Interpolation",10,51,0
Function,"Interpolation.Interpolation.__init__",,2,0
Function,"Interpolation.Interpolation.interpolate_1d",,15,0
Function,"Interpolation.Interpolation.interpolate_2d",,29,0
Module File,"Interpolation.py",10,51,0
Class,"IpUtil.IpUtil",4,35,0
Function,"IpUtil.IpUtil.get_binary",,10,0
Function,"IpUtil.IpUtil.get_hostname",,5,0
Function,"IpUtil.IpUtil.is_valid_ipv4",,6,0
Function,"IpUtil.IpUtil.is_valid_ipv6",,6,0
Module File,"IpUtil.py",4,39,0
Class,"JobMarketplace.JobMarketplace",2,35,0
Function,"JobMarketplace.JobMarketplace.__init__",,3,0
Function,"JobMarketplace.JobMarketplace.get_job_applicants",,2,0
Function,"JobMarketplace.JobMarketplace.matches_requirements",,2,0
Function,"JobMarketplace.JobMarketplace.post_job",,6,0
Function,"JobMarketplace.JobMarketplace.remove_job",,3,0
Function,"JobMarketplace.JobMarketplace.search_jobs",,2,0
Function,"JobMarketplace.JobMarketplace.submit_resume",,6,0
Function,"JobMarketplace.JobMarketplace.withdraw_resume",,3,0
Module File,"JobMarketplace.py",2,35,0
Class,"KappaCalculator.KappaCalculator",1,20,2
Function,"KappaCalculator.KappaCalculator.fleiss_kappa",,9,1
Function,"KappaCalculator.KappaCalculator.kappa",,7,1
Module File,"KappaCalculator.py",1,22,2
Class,"LongestWord.LongestWord",3,23,4
Function,"LongestWord.LongestWord.__init__",,2,0
Function,"LongestWord.LongestWord.add_word",,2,0
Function,"LongestWord.LongestWord.find_longest_word",,16,4
Module File,"LongestWord.py",3,26,4
Class,"Manacher.Manacher",3,46,15
Function,"Manacher.Manacher.__init__",,2,0
Function,"Manacher.Manacher.palindromic_length",,16,6
Function,"Manacher.Manacher.palindromic_string",,25,9
Module File,"Manacher.py",3,46,15
Class,"MetricsCalculator2.MetricsCalculator2",7,53,0
Function,"MetricsCalculator2.MetricsCalculator2.__init__",,2,0
Function,"MetricsCalculator2.MetricsCalculator2.map",,24,0
Function,"MetricsCalculator2.MetricsCalculator2.mrr",,22,0
Module File,"MetricsCalculator2.py",7,55,0
Class,"MinesweeperGame.MinesweeperGame",8,108,42
Function,"MinesweeperGame.MinesweeperGame.__init__",,13,6
Function,"MinesweeperGame.MinesweeperGame.check_won",,16,8
Function,"MinesweeperGame.MinesweeperGame.generate_mine_sweeper_map",,28,8
Function,"MinesweeperGame.MinesweeperGame.generate_playerMap",,9,6
Function,"MinesweeperGame.MinesweeperGame.sweep",,37,14
Module File,"MinesweeperGame.py",8,110,42
Class,"MusicPlayer.MusicPlayer",4,75,9
Function,"MusicPlayer.MusicPlayer.__init__",,5,1
Function,"MusicPlayer.MusicPlayer.add_song",,3,1
Function,"MusicPlayer.MusicPlayer.play",,6,1
Function,"MusicPlayer.MusicPlayer.previous_song",,11,1
Function,"MusicPlayer.MusicPlayer.remove_song",,4,1
Function,"MusicPlayer.MusicPlayer.set_volume",,7,1
Function,"MusicPlayer.MusicPlayer.shuffle",,8,1
Function,"MusicPlayer.MusicPlayer.stop",,7,1
Function,"MusicPlayer.MusicPlayer.switch_song",,15,1
Module File,"MusicPlayer.py",4,75,9
Class,"NLPDataProcessor.NLPDataProcessor",2,22,3
Function,"NLPDataProcessor.NLPDataProcessor.__init__",,2,0
Function,"NLPDataProcessor.NLPDataProcessor.construct_stop_word_list",,4,1
Function,"NLPDataProcessor.NLPDataProcessor.process",,4,1
Function,"NLPDataProcessor.NLPDataProcessor.remove_stop_words",,8,1
Module File,"NLPDataProcessor.py",2,22,3
Class,"NumberWordFormatter.NumberWordFormatter",4,65,0
Function,"NumberWordFormatter.NumberWordFormatter.__init__",,7,0
Function,"NumberWordFormatter.NumberWordFormatter.format",,7,0
Function,"NumberWordFormatter.NumberWordFormatter.format_decimal",,5,0
Function,"NumberWordFormatter.NumberWordFormatter.format_int",,11,0
Function,"NumberWordFormatter.NumberWordFormatter.format_string",,6,0
Function,"NumberWordFormatter.NumberWordFormatter.parse_more",,2,0
Function,"NumberWordFormatter.NumberWordFormatter.trans_three",,8,0
Function,"NumberWordFormatter.NumberWordFormatter.trans_two",,11,0
Module File,"NumberWordFormatter.py",4,65,0
Class,"NumericEntityUnescaper.NumericEntityUnescaper",9,62,17
Function,"NumericEntityUnescaper.NumericEntityUnescaper.__init__",,2,0
Function,"NumericEntityUnescaper.NumericEntityUnescaper.is_hex_char",,3,1
Function,"NumericEntityUnescaper.NumericEntityUnescaper.replace",,53,16
Module File,"NumericEntityUnescaper.py",9,62,17
Class,"Order.Order",3,31,4
Function,"Order.Order.__init__",,4,0
Function,"Order.Order.add_dish",,10,3
Function,"Order.Order.calculate_total",,9,1
Function,"Order.Order.checkout",,4,0
Module File,"Order.py",3,31,4
Class,"PDFHandler.PDFHandler",4,25,0
Function,"PDFHandler.PDFHandler.__init__",,3,0
Function,"PDFHandler.PDFHandler.extract_text_from_pdfs",,8,0
Function,"PDFHandler.PDFHandler.merge_pdfs",,11,0
Module File,"PDFHandler.py",4,27,0
Class,"PageUtil.PageUtil",1,71,27
Function,"PageUtil.PageUtil.__init__",,12,6
Function,"PageUtil.PageUtil.get_page",,13,7
Function,"PageUtil.PageUtil.get_page_info",,22,7
Function,"PageUtil.PageUtil.search",,20,7
Module File,"PageUtil.py",1,71,27
Class,"RPGCharacter.RPGCharacter",2,36,0
Function,"RPGCharacter.RPGCharacter.__init__",,7,0
Function,"RPGCharacter.RPGCharacter.attack",,3,0
Function,"RPGCharacter.RPGCharacter.gain_exp",,4,0
Function,"RPGCharacter.RPGCharacter.heal",,3,0
Function,"RPGCharacter.RPGCharacter.is_alive",,2,0
Function,"RPGCharacter.RPGCharacter.level_up",,11,0
Module File,"RPGCharacter.py",2,36,0
Class,"RegexUtils.RegexUtils",1,34,0
Function,"RegexUtils.RegexUtils.extract_email",,3,0
Function,"RegexUtils.RegexUtils.findall",,2,0
Function,"RegexUtils.RegexUtils.generate_email_pattern",,2,0
Function,"RegexUtils.RegexUtils.generate_phone_number_pattern",,2,0
Function,"RegexUtils.RegexUtils.generate_split_sentences_pattern",,2,0
Function,"RegexUtils.RegexUtils.match",,2,0
Function,"RegexUtils.RegexUtils.split",,2,0
Function,"RegexUtils.RegexUtils.split_sentences",,4,0
Function,"RegexUtils.RegexUtils.sub",,2,0
Function,"RegexUtils.RegexUtils.validate_phone_number",,3,0
Module File,"RegexUtils.py",1,36,0
Class,"Server.Server",3,38,0
Function,"Server.Server.__init__",,4,0
Function,"Server.Server.add_white_list",,6,0
Function,"Server.Server.del_white_list",,6,0
Function,"Server.Server.recv",,6,0
Function,"Server.Server.send",,3,0
Function,"Server.Server.show",,7,0
Module File,"Server.py",3,38,0
Class,"ShoppingCart.ShoppingCart",3,25,0
Function,"ShoppingCart.ShoppingCart.__init__",,2,0
Function,"ShoppingCart.ShoppingCart.add_item",,5,0
Function,"ShoppingCart.ShoppingCart.remove_item",,6,0
Function,"ShoppingCart.ShoppingCart.total_price",,5,0
Function,"ShoppingCart.ShoppingCart.view_items",,2,0
Module File,"ShoppingCart.py",3,25,0
Class,"Snake.Snake",4,44,0
Function,"Snake.Snake.__init__",,8,0
Function,"Snake.Snake.eat_food",,4,0
Function,"Snake.Snake.move",,14,0
Function,"Snake.Snake.random_food_position",,8,0
Function,"Snake.Snake.reset",,5,0
Module File,"Snake.py",4,46,0
Class,"SplitSentence.SplitSentence",3,20,0
Function,"SplitSentence.SplitSentence.__init__",,2,0
Function,"SplitSentence.SplitSentence.count_words",,3,0
Function,"SplitSentence.SplitSentence.process_text_file",,8,0
Function,"SplitSentence.SplitSentence.split_sentences",,3,0
Module File,"SplitSentence.py",3,22,0
Class,"Statistics3.Statistics3",1,30,0
Function,"Statistics3.Statistics3.correlation",,2,0
Function,"Statistics3.Statistics3.correlation_matrix",,2,0
Function,"Statistics3.Statistics3.mean",,2,0
Function,"Statistics3.Statistics3.median",,2,0
Function,"Statistics3.Statistics3.mode",,2,0
Function,"Statistics3.Statistics3.standard_deviation",,2,0
Function,"Statistics3.Statistics3.z_score",,4,0
Module File,"Statistics3.py",1,35,0
Class,"StockPortfolioTracker.StockPortfolioTracker",3,44,0
Function,"StockPortfolioTracker.StockPortfolioTracker.__init__",,3,0
Function,"StockPortfolioTracker.StockPortfolioTracker.add_stock",,2,0
Function,"StockPortfolioTracker.StockPortfolioTracker.buy_stock",,7,0
Function,"StockPortfolioTracker.StockPortfolioTracker.calculate_portfolio_value",,5,0
Function,"StockPortfolioTracker.StockPortfolioTracker.get_portfolio_summary",,4,0
Function,"StockPortfolioTracker.StockPortfolioTracker.get_stock_value",,2,0
Function,"StockPortfolioTracker.StockPortfolioTracker.remove_stock",,6,0
Function,"StockPortfolioTracker.StockPortfolioTracker.sell_stock",,7,0
Module File,"StockPortfolioTracker.py",3,44,0
Class,"TextFileProcessor.TextFileProcessor",2,33,0
Function,"TextFileProcessor.TextFileProcessor.__init__",,2,0
Function,"TextFileProcessor.TextFileProcessor.process_file",,9,0
Function,"TextFileProcessor.TextFileProcessor.read_file",,7,0
Function,"TextFileProcessor.TextFileProcessor.read_file_as_json",,7,0
Function,"TextFileProcessor.TextFileProcessor.write_file",,3,0
Module File,"TextFileProcessor.py",2,35,0
Class,"Thermostat.Thermostat",3,48,0
Function,"Thermostat.Thermostat.__init__",,4,0
Function,"Thermostat.Thermostat.auto_check_conflict",,8,0
Function,"Thermostat.Thermostat.auto_set_mode",,5,0
Function,"Thermostat.Thermostat.get_mode",,2,0
Function,"Thermostat.Thermostat.get_target_temperature",,2,0
Function,"Thermostat.Thermostat.set_mode",,5,0
Function,"Thermostat.Thermostat.set_target_temperature",,2,0
Function,"Thermostat.Thermostat.simulate_operation",,12,0
Module File,"Thermostat.py",3,50,0
Class,"TriCalculator.TriCalculator",2,29,0
Function,"TriCalculator.TriCalculator.__init__",,2,0
Function,"TriCalculator.TriCalculator.cos",,2,0
Function,"TriCalculator.TriCalculator.factorial",,5,0
Function,"TriCalculator.TriCalculator.sin",,6,0
Function,"TriCalculator.TriCalculator.tan",,2,0
Function,"TriCalculator.TriCalculator.taylor",,6,0
Module File,"TriCalculator.py",2,31,0
Class,"TwentyFourPointGame.TwentyFourPointGame",3,26,1
Function,"TwentyFourPointGame.TwentyFourPointGame.__init__",,2,0
Function,"TwentyFourPointGame.TwentyFourPointGame._generate_cards",,2,0
Function,"TwentyFourPointGame.TwentyFourPointGame.answer",,8,1
Function,"TwentyFourPointGame.TwentyFourPointGame.evaluate_expression",,6,0
Function,"TwentyFourPointGame.TwentyFourPointGame.get_my_cards",,3,0
Module File,"TwentyFourPointGame.py",3,28,1
Class,"URLHandler.URLHandler",4,48,2
Function,"URLHandler.URLHandler.__init__",,2,0
Function,"URLHandler.URLHandler._get_scheme",,2,0
Function,"URLHandler.URLHandler.get_fragment",,6,1
Function,"URLHandler.URLHandler.get_host",,7,0
Function,"URLHandler.URLHandler.get_path",,10,0
Function,"URLHandler.URLHandler.get_query_params",,12,1
Function,"URLHandler.URLHandler.get_scheme",,2,0
Module File,"URLHandler.py",4,48,2
Class,"UrlPath.UrlPath",1,15,0
Function,"UrlPath.UrlPath.__init__",,3,0
Function,"UrlPath.UrlPath.add",,2,0
Function,"UrlPath.UrlPath.fix_path",,2,0
Function,"UrlPath.UrlPath.parse",,3,0
Module File,"UrlPath.py",1,18,0
Class,"UserLoginDB.UserLoginDB",1,27,0
Function,"UserLoginDB.UserLoginDB.__init__",,3,0
Function,"UserLoginDB.UserLoginDB.create_table",,6,0
Function,"UserLoginDB.UserLoginDB.delete_user_by_username",,3,0
Function,"UserLoginDB.UserLoginDB.insert_user",,3,0
Function,"UserLoginDB.UserLoginDB.search_user_by_username",,3,0
Function,"UserLoginDB.UserLoginDB.validate_user_login",,3,0
Module File,"UserLoginDB.py",1,29,0
Class,"VectorUtil.VectorUtil",2,24,0
Function,"VectorUtil.VectorUtil.compute_idf_weight_dict",,6,0
Function,"VectorUtil.VectorUtil.cosine_similarities",,6,0
Function,"VectorUtil.VectorUtil.n_similarity",,2,0
Function,"VectorUtil.VectorUtil.similarity",,2,0
Module File,"VectorUtil.py",2,28,0
Class,"VendingMachine.VendingMachine",4,41,0
Function,"VendingMachine.VendingMachine.__init__",,3,0
Function,"VendingMachine.VendingMachine.add_item",,2,0
Function,"VendingMachine.VendingMachine.display_items",,8,0
Function,"VendingMachine.VendingMachine.insert_coin",,3,0
Function,"VendingMachine.VendingMachine.purchase_item",,13,0
Function,"VendingMachine.VendingMachine.restock_item",,6,0
Module File,"VendingMachine.py",4,41,0
Class,"Warehouse.Warehouse",2,43,0
Function,"Warehouse.Warehouse.__init__",,3,0
Function,"Warehouse.Warehouse.add_product",,5,0
Function,"Warehouse.Warehouse.change_order_status",,6,0
Function,"Warehouse.Warehouse.create_order",,7,0
Function,"Warehouse.Warehouse.get_product_quantity",,5,0
Function,"Warehouse.Warehouse.track_order",,5,0
Function,"Warehouse.Warehouse.update_product_quantity",,5,0
Module File,"Warehouse.py",2,43,0
Class,"WeatherSystem.WeatherSystem",4,34,0
Function,"WeatherSystem.WeatherSystem.__init__",,5,0
Function,"WeatherSystem.WeatherSystem.celsius_to_fahrenheit",,5,0
Function,"WeatherSystem.WeatherSystem.fahrenheit_to_celsius",,5,0
Function,"WeatherSystem.WeatherSystem.query",,12,0
Function,"WeatherSystem.WeatherSystem.set_city",,2,0
Module File,"WeatherSystem.py",4,34,0
Class,"Words2Numbers.Words2Numbers",6,46,0
Function,"Words2Numbers.Words2Numbers.__init__",,20,0
Function,"Words2Numbers.Words2Numbers.is_valid_input",,6,0
Function,"Words2Numbers.Words2Numbers.text2int",,17,0
Module File,"Words2Numbers.py",6,46,0
Class,"XMLProcessor.XMLProcessor",2,37,2
Function,"XMLProcessor.XMLProcessor.__init__",,3,0
Function,"XMLProcessor.XMLProcessor.find_element",,6,0
Function,"XMLProcessor.XMLProcessor.process_xml_data",,9,2
Function,"XMLProcessor.XMLProcessor.read_xml",,7,0
Function,"XMLProcessor.XMLProcessor.write_xml",,7,0
Module File,"XMLProcessor.py",2,39,2
