Kind,Name,MaxCyclomatic,CountLineComment,CountLineCode
Class,"AreaCalculator.AreaCalculator",1,12,13
Function,"AreaCalculator.AreaCalculator.__init__",,1,2
Function,"AreaCalculator.AreaCalculator.calculate_annulus_area",,1,2
Function,"AreaCalculator.AreaCalculator.calculate_circle_area",,1,2
Function,"AreaCalculator.AreaCalculator.calculate_cylinder_area",,1,2
Function,"AreaCalculator.AreaCalculator.calculate_sector_area",,1,2
Function,"AreaCalculator.AreaCalculator.calculate_sphere_area",,1,2
Module File,"AreaCalculator.py",1,13,14
Class,"ArgumentParser.ArgumentParser",5,15,33
Function,"ArgumentParser.ArgumentParser.__init__",,1,4
Function,"ArgumentParser.ArgumentParser._convert_type",,2,5
Function,"ArgumentParser.ArgumentParser.add_argument",,2,4
Function,"ArgumentParser.ArgumentParser.get_argument",,1,2
Function,"ArgumentParser.ArgumentParser.parse_arguments",,9,17
Module File,"ArgumentParser.py",5,15,33
Class,"ArrangementCalculator.ArrangementCalculator",2,8,27
Function,"ArrangementCalculator.ArrangementCalculator.__init__",,1,2
Function,"ArrangementCalculator.ArrangementCalculator.count",,2,5
Function,"ArrangementCalculator.ArrangementCalculator.count_all",,1,5
Function,"ArrangementCalculator.ArrangementCalculator.factorial",,1,2
Function,"ArrangementCalculator.ArrangementCalculator.select",,2,4
Function,"ArrangementCalculator.ArrangementCalculator.select_all",,1,5
Module File,"ArrangementCalculator.py",2,8,29
Class,"AssessmentSystem.AssessmentSystem",4,32,48
Function,"AssessmentSystem.AssessmentSystem.__init__",,1,2
Function,"AssessmentSystem.AssessmentSystem.add_course_score",,3,5
Function,"AssessmentSystem.AssessmentSystem.add_student",,1,2
Function,"AssessmentSystem.AssessmentSystem.get_all_students_with_fail_course",,7,8
Function,"AssessmentSystem.AssessmentSystem.get_course_average",,8,11
Function,"AssessmentSystem.AssessmentSystem.get_gpa",,6,10
Function,"AssessmentSystem.AssessmentSystem.get_top_student",,6,9
Module File,"AssessmentSystem.py",4,32,48
Class,"AutomaticGuitarSimulator.AutomaticGuitarSimulator",6,21,26
Function,"AutomaticGuitarSimulator.AutomaticGuitarSimulator.__init__",,3,2
Function,"AutomaticGuitarSimulator.AutomaticGuitarSimulator.display",,5,3
Function,"AutomaticGuitarSimulator.AutomaticGuitarSimulator.interpret",,13,20
Module File,"AutomaticGuitarSimulator.py",6,23,28
Class,"BinaryDataProcessor.BinaryDataProcessor",3,13,32
Function,"BinaryDataProcessor.BinaryDataProcessor.__init__",,1,2
Function,"BinaryDataProcessor.BinaryDataProcessor.calculate_binary_info",,3,9
Function,"BinaryDataProcessor.BinaryDataProcessor.clean_non_binary_chars",,1,2
Function,"BinaryDataProcessor.BinaryDataProcessor.convert_to_ascii",,4,9
Function,"BinaryDataProcessor.BinaryDataProcessor.convert_to_utf8",,4,9
Module File,"BinaryDataProcessor.py",3,14,36
Class,"BitStatusUtil.BitStatusUtil",3,8,22
Function,"BitStatusUtil.BitStatusUtil.add",,2,4
Function,"BitStatusUtil.BitStatusUtil.check",,2,5
Function,"BitStatusUtil.BitStatusUtil.has",,2,4
Function,"BitStatusUtil.BitStatusUtil.remove",,2,4
Module File,"BitStatusUtil.py",3,9,22
Class,"BlackjackGame.BlackjackGame",8,21,49
Function,"BlackjackGame.BlackjackGame.__init__",,1,4
Function,"BlackjackGame.BlackjackGame.calculate_hand_value",,13,16
Function,"BlackjackGame.BlackjackGame.check_winner",,4,22
Function,"BlackjackGame.BlackjackGame.create_deck",,3,6
Module File,"BlackjackGame.py",8,25,56
Class,"BookManagementDB.BookManagementDB",1,22,54
Function,"BookManagementDB.BookManagementDB.__init__",,3,4
Function,"BookManagementDB.BookManagementDB.add_book",,3,7
Function,"BookManagementDB.BookManagementDB.borrow_book",,3,8
Function,"BookManagementDB.BookManagementDB.create_table",,3,11
Function,"BookManagementDB.BookManagementDB.remove_book",,3,7
Function,"BookManagementDB.BookManagementDB.return_book",,3,8
Function,"BookManagementDB.BookManagementDB.search_books",,4,8
Module File,"BookManagementDB.py",2,23,66
Class,"BoyerMooreSearch.BoyerMooreSearch",3,13,27
Function,"BoyerMooreSearch.BoyerMooreSearch.__init__",,2,6
Function,"BoyerMooreSearch.BoyerMooreSearch.bad_character_heuristic",,6,13
Function,"BoyerMooreSearch.BoyerMooreSearch.match_in_pattern",,2,2
Function,"BoyerMooreSearch.BoyerMooreSearch.mismatch_in_text",,3,5
Module File,"BoyerMooreSearch.py",3,13,27
Class,"CSVProcessor.CSVProcessor",4,27,35
Function,"CSVProcessor.CSVProcessor.__init__",,1,2
Function,"CSVProcessor.CSVProcessor.process_csv_data",,12,13
Function,"CSVProcessor.CSVProcessor.read_csv",,7,10
Function,"CSVProcessor.CSVProcessor.write_csv",,7,9
Module File,"CSVProcessor.py",4,28,39
Class,"Calculator.Calculator",7,11,56
Function,"Calculator.Calculator.__init__",,1,8
Function,"Calculator.Calculator.apply_operator",,1,7
Function,"Calculator.Calculator.calculate",,7,15
Function,"Calculator.Calculator.precedence",,1,9
Function,"Calculator.Calculator.tokenize",,1,16
Module File,"Calculator.py",7,12,56
Class,"CalendarUtil.CalendarUtil",3,13,29
Function,"CalendarUtil.CalendarUtil.__init__",,1,2
Function,"CalendarUtil.CalendarUtil.add_event",,2,2
Function,"CalendarUtil.CalendarUtil.get_available_slots",,2,10
Function,"CalendarUtil.CalendarUtil.get_events",,2,2
Function,"CalendarUtil.CalendarUtil.get_upcoming_events",,2,3
Function,"CalendarUtil.CalendarUtil.is_available",,2,7
Function,"CalendarUtil.CalendarUtil.remove_event",,2,2
Module File,"CalendarUtil.py",3,14,39
Class,"CamelCaseMap.CamelCaseMap",1,9,20
Function,"CamelCaseMap.CamelCaseMap.__delitem__",,1,2
Function,"CamelCaseMap.CamelCaseMap.__getitem__",,1,2
Function,"CamelCaseMap.CamelCaseMap.__init__",,1,2
Function,"CamelCaseMap.CamelCaseMap.__iter__",,1,2
Function,"CamelCaseMap.CamelCaseMap.__len__",,1,2
Function,"CamelCaseMap.CamelCaseMap.__setitem__",,1,2
Function,"CamelCaseMap.CamelCaseMap._convert_key",,1,2
Function,"CamelCaseMap.CamelCaseMap._to_camel_case",,2,4
Module File,"CamelCaseMap.py",3,16,29
Class,"ChandrasekharSieve.ChandrasekharSieve",4,6,12
Function,"ChandrasekharSieve.ChandrasekharSieve.__init__",,2,4
Function,"ChandrasekharSieve.ChandrasekharSieve.generate_primes",,3,5
Function,"ChandrasekharSieve.ChandrasekharSieve.get_primes",,1,2
Module File,"ChandrasekharSieve.py",4,7,16
Class,"Chat.Chat",3,13,37
Function,"Chat.Chat.__init__",,2,3
Function,"Chat.Chat.add_user",,2,7
Function,"Chat.Chat.get_messages",,2,5
Function,"Chat.Chat.remove_user",,3,9
Function,"Chat.Chat.send_message",,4,12
Module File,"Chat.py",3,14,38
Class,"ClassRegistrationSystem.ClassRegistrationSystem",5,17,36
Function,"ClassRegistrationSystem.ClassRegistrationSystem.__init__",,3,3
Function,"ClassRegistrationSystem.ClassRegistrationSystem.get_all_major",,2,3
Function,"ClassRegistrationSystem.ClassRegistrationSystem.get_most_popular_class_in_major",,3,15
Function,"ClassRegistrationSystem.ClassRegistrationSystem.get_students_by_major",,2,3
Function,"ClassRegistrationSystem.ClassRegistrationSystem.register_class",,3,4
Function,"ClassRegistrationSystem.ClassRegistrationSystem.register_student",,4,7
Class,"ClassRegistrationSystem.Classroom",2,11,17
Function,"ClassRegistrationSystem.Classroom.__init__",,2,4
Function,"ClassRegistrationSystem.Classroom.enroll_student",,3,6
Function,"ClassRegistrationSystem.Classroom.get_capacity",,2,2
Function,"ClassRegistrationSystem.Classroom.get_class_name",,2,2
Function,"ClassRegistrationSystem.Classroom.get_enrolled_students",,2,2
Module File,"ClassRegistrationSystem.py",5,37,74
Class,"CombinationCalculator.CombinationCalculator",3,11,32
Function,"CombinationCalculator.CombinationCalculator.__init__",,1,2
Function,"CombinationCalculator.CombinationCalculator._select",,5,8
Function,"CombinationCalculator.CombinationCalculator.count",,1,5
Function,"CombinationCalculator.CombinationCalculator.count_all",,2,5
Function,"CombinationCalculator.CombinationCalculator.select",,1,4
Function,"CombinationCalculator.CombinationCalculator.select_all",,1,5
Module File,"CombinationCalculator.py",3,11,34
Class,"CookiesUtil.CookiesUtil",2,13,22
Function,"CookiesUtil.CookiesUtil.__init__",,2,3
Function,"CookiesUtil.CookiesUtil._save_cookies",,5,8
Function,"CookiesUtil.CookiesUtil.get_cookies",,2,3
Function,"CookiesUtil.CookiesUtil.load_cookies",,4,7
Module File,"CookiesUtil.py",2,13,23
Class,"Course.Classroom",7,37,50
Function,"Course.Classroom.__init__",,5,3
Function,"Course.Classroom.add_course",,7,6
Function,"Course.Classroom.check_course_conflict",,10,22
Function,"Course.Classroom.is_free_at",,10,15
Function,"Course.Classroom.remove_course",,5,3
Class,"Course.Course",1,3,5
Function,"Course.Course.__init__",,3,4
Module File,"Course.py",7,43,65
Class,"CurrencyConverter.CurrencyConverter",2,16,27
Function,"CurrencyConverter.CurrencyConverter.__init__",,6,8
Function,"CurrencyConverter.CurrencyConverter.add_currency_rate",,3,5
Function,"CurrencyConverter.CurrencyConverter.convert",,3,6
Function,"CurrencyConverter.CurrencyConverter.get_supported_currencies",,1,2
Function,"CurrencyConverter.CurrencyConverter.update_currency_rate",,3,5
Module File,"CurrencyConverter.py",2,16,27
Class,"DataStatistics.DataStatistics",2,11,15
Function,"DataStatistics.DataStatistics.mean",,2,4
Function,"DataStatistics.DataStatistics.median",,2,4
Function,"DataStatistics.DataStatistics.mode",,4,6
Module File,"DataStatistics.py",2,16,22
Class,"DataStatistics4.DataStatistics4",1,17,30
Function,"DataStatistics4.DataStatistics4.correlation_coefficient",,4,10
Function,"DataStatistics4.DataStatistics4.kurtosis",,4,6
Function,"DataStatistics4.DataStatistics4.pdf",,1,3
Function,"DataStatistics4.DataStatistics4.skewness",,4,6
Module File,"DataStatistics4.py",2,18,38
Class,"DatabaseProcessor.DatabaseProcessor",3,22,40
Function,"DatabaseProcessor.DatabaseProcessor.__init__",,2,3
Function,"DatabaseProcessor.DatabaseProcessor.create_table",,3,10
Function,"DatabaseProcessor.DatabaseProcessor.delete_from_database",,3,7
Function,"DatabaseProcessor.DatabaseProcessor.insert_into_database",,5,11
Function,"DatabaseProcessor.DatabaseProcessor.search_database",,4,8
Module File,"DatabaseProcessor.py",3,23,50
Class,"DecryptionUtils.DecryptionUtils",7,42,60
Function,"DecryptionUtils.DecryptionUtils.__init__",,1,2
Function,"DecryptionUtils.DecryptionUtils.caesar_decipher",,12,17
Function,"DecryptionUtils.DecryptionUtils.rail_fence_decipher",,12,18
Function,"DecryptionUtils.DecryptionUtils.vigenere_decipher",,17,22
Module File,"DecryptionUtils.py",7,42,60
Class,"DiscountStrategy.Customer",1,0,3
Function,"DiscountStrategy.Customer.__init__",,0,2
Class,"DiscountStrategy.DiscountStrategy",4,9,43
Function,"DiscountStrategy.DiscountStrategy.BulkItemPromo",,2,6
Function,"DiscountStrategy.DiscountStrategy.FidelityPromo",,2,7
Function,"DiscountStrategy.DiscountStrategy.LargeOrderPromo",,2,8
Function,"DiscountStrategy.DiscountStrategy.__init__",,1,4
Function,"DiscountStrategy.DiscountStrategy.due",,1,11
Function,"DiscountStrategy.DiscountStrategy.total",,1,3
Class,"DiscountStrategy.Item",1,0,5
Function,"DiscountStrategy.Item.__init__",,0,4
Module File,"DiscountStrategy.py",4,10,63
Class,"DocFileHandler.DocFileHandler",3,6,36
Function,"DocFileHandler.DocFileHandler.__init__",,1,3
Function,"DocFileHandler.DocFileHandler._get_alignment_value",,1,8
Function,"DocFileHandler.DocFileHandler.add_heading",,1,4
Function,"DocFileHandler.DocFileHandler.add_table",,1,7
Function,"DocFileHandler.DocFileHandler.read_text",,1,5
Function,"DocFileHandler.DocFileHandler.write_text",,1,8
Module File,"DocFileHandler.py",3,8,47
Class,"EmailClient.EmailClient",3,14,35
Function,"EmailClient.EmailClient.__init__",,3,5
Function,"EmailClient.EmailClient.clear_inbox",,2,5
Function,"EmailClient.EmailClient.fetch",,3,6
Function,"EmailClient.EmailClient.get_occupied_size",,1,2
Function,"EmailClient.EmailClient.is_full_with_one_more_email",,1,2
Function,"EmailClient.EmailClient.send_to",,4,14
Module File,"EmailClient.py",3,14,36
Class,"EncryptionUtils.EncryptionUtils",6,28,36
Function,"EncryptionUtils.EncryptionUtils.__init__",,1,2
Function,"EncryptionUtils.EncryptionUtils.caesar_cipher",,7,7
Function,"EncryptionUtils.EncryptionUtils.rail_fence_cipher",,10,15
Function,"EncryptionUtils.EncryptionUtils.vigenere_cipher",,10,11
Module File,"EncryptionUtils.py",6,30,40
Class,"ExcelProcessor.ExcelProcessor",5,27,38
Function,"ExcelProcessor.ExcelProcessor.__init__",,1,3
Function,"ExcelProcessor.ExcelProcessor.process_excel_data",,9,13
Function,"ExcelProcessor.ExcelProcessor.read_excel",,8,9
Function,"ExcelProcessor.ExcelProcessor.write_excel",,9,12
Module File,"ExcelProcessor.py",5,29,39
Class,"ExpressionCalculator.ExpressionCalculator",8,22,60
Function,"ExpressionCalculator.ExpressionCalculator.__init__",,2,3
Function,"ExpressionCalculator.ExpressionCalculator._calculate",,1,15
Function,"ExpressionCalculator.ExpressionCalculator.calculate",,5,12
Function,"ExpressionCalculator.ExpressionCalculator.compare",,1,2
Function,"ExpressionCalculator.ExpressionCalculator.is_operator",,1,2
Function,"ExpressionCalculator.ExpressionCalculator.prepare",,11,20
Function,"ExpressionCalculator.ExpressionCalculator.transform",,1,2
Module File,"ExpressionCalculator.py",8,22,62
Class,"FitnessTracker.FitnessTracker",5,39,36
Function,"FitnessTracker.FitnessTracker.__init__",,8,11
Function,"FitnessTracker.FitnessTracker.calculate_calorie_intake",,17,13
Function,"FitnessTracker.FitnessTracker.condition_judge",,9,8
Function,"FitnessTracker.FitnessTracker.get_BMI",,5,3
Module File,"FitnessTracker.py",5,40,40
Class,"HRManagementSystem.HRManagementSystem",2,14,33
Function,"HRManagementSystem.HRManagementSystem.__init__",,1,2
Function,"HRManagementSystem.HRManagementSystem.add_employee",,3,11
Function,"HRManagementSystem.HRManagementSystem.get_employee",,3,5
Function,"HRManagementSystem.HRManagementSystem.list_employees",,1,2
Function,"HRManagementSystem.HRManagementSystem.remove_employee",,3,6
Function,"HRManagementSystem.HRManagementSystem.update_employee",,3,6
Module File,"HRManagementSystem.py",2,23,43
Class,"Hotel.Hotel",6,40,42
Function,"Hotel.Hotel.__init__",,9,4
Function,"Hotel.Hotel.book_room",,12,13
Function,"Hotel.Hotel.check_in",,9,14
Function,"Hotel.Hotel.check_out",,5,5
Function,"Hotel.Hotel.get_available_rooms",,5,5
Module File,"Hotel.py",6,40,42
Class,"HtmlUtil.HtmlUtil",2,15,26
Function,"HtmlUtil.HtmlUtil.__format_line_feed",,1,2
Function,"HtmlUtil.HtmlUtil.__init__",,1,3
Function,"HtmlUtil.HtmlUtil.extract_code_from_html_text",,5,8
Function,"HtmlUtil.HtmlUtil.format_line_html_text",,8,11
Module File,"HtmlUtil.py",2,15,29
Class,"IPAddress.IPAddress",6,15,26
Function,"IPAddress.IPAddress.__init__",,1,2
Function,"IPAddress.IPAddress.get_binary",,4,6
Function,"IPAddress.IPAddress.get_octets",,2,4
Function,"IPAddress.IPAddress.is_valid",,8,13
Module File,"IPAddress.py",6,15,26
Class,"Interpolation.Interpolation",6,25,46
Function,"Interpolation.Interpolation.__init__",,0,2
Function,"Interpolation.Interpolation.interpolate_1d",,13,14
Function,"Interpolation.Interpolation.interpolate_2d",,12,27
Module File,"Interpolation.py",6,26,46
Class,"IpUtil.IpUtil",2,21,22
Function,"IpUtil.IpUtil.get_hostname",,6,6
Function,"IpUtil.IpUtil.is_valid_ipv4",,6,6
Function,"IpUtil.IpUtil.is_valid_ipv6",,6,6
Module File,"IpUtil.py",2,23,30
Class,"JobMarketplace.JobMarketplace",5,49,50
Function,"JobMarketplace.JobMarketplace.__init__",,1,3
Function,"JobMarketplace.JobMarketplace.get_job_applicants",,9,9
Function,"JobMarketplace.JobMarketplace.matches_requirements",,7,5
Function,"JobMarketplace.JobMarketplace.post_job",,6,8
Function,"JobMarketplace.JobMarketplace.remove_job",,6,5
Function,"JobMarketplace.JobMarketplace.search_jobs",,8,6
Function,"JobMarketplace.JobMarketplace.submit_resume",,6,8
Function,"JobMarketplace.JobMarketplace.withdraw_resume",,6,5
Module File,"JobMarketplace.py",5,50,55
Class,"KappaCalculator.KappaCalculator",1,16,15
Function,"KappaCalculator.KappaCalculator.fleiss_kappa",,9,7
Function,"KappaCalculator.KappaCalculator.kappa",,7,5
Module File,"KappaCalculator.py",1,16,16
Class,"LongestWord.LongestWord",3,9,15
Function,"LongestWord.LongestWord.__init__",,1,2
Function,"LongestWord.LongestWord.add_word",,1,2
Function,"LongestWord.LongestWord.find_longest_word",,7,10
Module File,"LongestWord.py",3,9,17
Class,"MahjongConnect.MahjongConnect",6,20,44
Function,"MahjongConnect.MahjongConnect.__init__",,2,4
Function,"MahjongConnect.MahjongConnect.create_board",,1,3
Function,"MahjongConnect.MahjongConnect.has_path",,11,16
Function,"MahjongConnect.MahjongConnect.is_game_over",,1,6
Function,"MahjongConnect.MahjongConnect.is_valid_move",,4,11
Function,"MahjongConnect.MahjongConnect.remove_icons",,1,3
Module File,"MahjongConnect.py",6,20,45
Class,"Manacher.Manacher",3,25,21
Function,"Manacher.Manacher.__init__",,5,3
Function,"Manacher.Manacher.palindromic_length",,8,6
Function,"Manacher.Manacher.palindromic_string",,12,11
Module File,"Manacher.py",3,28,23
Class,"MetricsCalculator.MetricsCalculator",5,14,35
Function,"MetricsCalculator.MetricsCalculator.__init__",,1,5
Function,"MetricsCalculator.MetricsCalculator.accuracy",,2,5
Function,"MetricsCalculator.MetricsCalculator.f1_score",,2,6
Function,"MetricsCalculator.MetricsCalculator.precision",,2,4
Function,"MetricsCalculator.MetricsCalculator.recall",,2,4
Function,"MetricsCalculator.MetricsCalculator.update",,5,10
Module File,"MetricsCalculator.py",5,14,35
Class,"MetricsCalculator2.MetricsCalculator2",9,38,54
Function,"MetricsCalculator2.MetricsCalculator2.__init__",,0,2
Function,"MetricsCalculator2.MetricsCalculator2.map",,22,31
Function,"MetricsCalculator2.MetricsCalculator2.mrr",,16,18
Module File,"MetricsCalculator2.py",9,38,55
Class,"MinesweeperGame.MinesweeperGame",8,10,44
Function,"MinesweeperGame.MinesweeperGame.__init__",,2,5
Function,"MinesweeperGame.MinesweeperGame.check_won",,1,6
Function,"MinesweeperGame.MinesweeperGame.generate_mine_sweeper_map",,3,16
Function,"MinesweeperGame.MinesweeperGame.generate_playerMap",,1,2
Function,"MinesweeperGame.MinesweeperGame.sweep",,3,14
Module File,"MinesweeperGame.py",8,11,53
Class,"MovieBookingSystem.MovieBookingSystem",6,16,29
Function,"MovieBookingSystem.MovieBookingSystem.__init__",,1,2
Function,"MovieBookingSystem.MovieBookingSystem.add_movie",,3,9
Function,"MovieBookingSystem.MovieBookingSystem.available_movies",,6,7
Function,"MovieBookingSystem.MovieBookingSystem.book_ticket",,6,10
Module File,"MovieBookingSystem.py",6,17,37
Class,"MovieTicketDB.MovieTicketDB",1,15,38
Function,"MovieTicketDB.MovieTicketDB.__init__",,2,3
Function,"MovieTicketDB.MovieTicketDB.create_table",,3,12
Function,"MovieTicketDB.MovieTicketDB.delete_ticket",,3,7
Function,"MovieTicketDB.MovieTicketDB.insert_ticket",,3,7
Function,"MovieTicketDB.MovieTicketDB.search_tickets_by_customer",,4,8
Module File,"MovieTicketDB.py",2,16,47
Class,"MusicPlayer.MusicPlayer",4,13,69
Function,"MusicPlayer.MusicPlayer.__init__",,1,5
Function,"MusicPlayer.MusicPlayer.add_song",,2,5
Function,"MusicPlayer.MusicPlayer.play",,1,7
Function,"MusicPlayer.MusicPlayer.previous_song",,1,9
Function,"MusicPlayer.MusicPlayer.remove_song",,4,8
Function,"MusicPlayer.MusicPlayer.set_volume",,1,8
Function,"MusicPlayer.MusicPlayer.shuffle",,1,10
Function,"MusicPlayer.MusicPlayer.stop",,1,7
Function,"MusicPlayer.MusicPlayer.switch_song",,1,9
Module File,"MusicPlayer.py",4,14,83
Class,"NLPDataProcessor.NLPDataProcessor",2,20,15
Function,"NLPDataProcessor.NLPDataProcessor.construct_stop_word_list",,5,3
Function,"NLPDataProcessor.NLPDataProcessor.process",,6,4
Function,"NLPDataProcessor.NLPDataProcessor.remove_stop_words",,9,7
Module File,"NLPDataProcessor.py",2,21,20
Class,"NumberWordFormatter.NumberWordFormatter",5,22,57
Function,"NumberWordFormatter.NumberWordFormatter.__init__",,3,14
Function,"NumberWordFormatter.NumberWordFormatter.format",,1,2
Function,"NumberWordFormatter.NumberWordFormatter.format_decimal",,2,3
Function,"NumberWordFormatter.NumberWordFormatter.format_integer",,4,12
Function,"NumberWordFormatter.NumberWordFormatter.format_string",,5,10
Function,"NumberWordFormatter.NumberWordFormatter.parse_more",,1,5
Function,"NumberWordFormatter.NumberWordFormatter.trans_three",,3,5
Function,"NumberWordFormatter.NumberWordFormatter.trans_two",,3,5
Module File,"NumberWordFormatter.py",5,22,57
Class,"NumericEntityUnescaper.NumericEntityUnescaper",1,12,9
Function,"NumericEntityUnescaper.NumericEntityUnescaper.__init__",,1,2
Function,"NumericEntityUnescaper.NumericEntityUnescaper.is_hex_char",,5,2
Function,"NumericEntityUnescaper.NumericEntityUnescaper.replace",,6,3
Module File,"NumericEntityUnescaper.py",1,17,13
Class,"Order.Order",3,12,22
Function,"Order.Order.__init__",,3,3
Function,"Order.Order.add_dish",,3,9
Function,"Order.Order.calculate_total",,3,5
Function,"Order.Order.checkout",,3,4
Module File,"Order.py",3,13,30
Class,"PageUtil.PageUtil",1,8,25
Function,"PageUtil.PageUtil.__init__",,1,3
Function,"PageUtil.PageUtil.get_page",,2,4
Function,"PageUtil.PageUtil.get_page_info",,3,9
Function,"PageUtil.PageUtil.search",,2,8
Module File,"PageUtil.py",1,8,25
Class,"PushBoxGame.PushBoxGame",6,32,48
Function,"PushBoxGame.PushBoxGame.__init__",,3,9
Function,"PushBoxGame.PushBoxGame.check_win",,6,3
Function,"PushBoxGame.PushBoxGame.init_game",,7,11
Function,"PushBoxGame.PushBoxGame.move",,16,24
Module File,"PushBoxGame.py",6,32,48
Class,"RPGCharacter.RPGCharacter",2,16,29
Function,"RPGCharacter.RPGCharacter.__init__",,2,7
Function,"RPGCharacter.RPGCharacter.attack",,3,4
Function,"RPGCharacter.RPGCharacter.gain_exp",,3,4
Function,"RPGCharacter.RPGCharacter.heal",,2,3
Function,"RPGCharacter.RPGCharacter.is_alive",,1,2
Function,"RPGCharacter.RPGCharacter.level_up",,5,8
Module File,"RPGCharacter.py",2,17,41
Class,"RegexUtils.RegexUtils",1,25,21
Function,"RegexUtils.RegexUtils.extract_email",,1,2
Function,"RegexUtils.RegexUtils.findall",,1,2
Function,"RegexUtils.RegexUtils.generate_email_pattern",,3,2
Function,"RegexUtils.RegexUtils.generate_phone_number_pattern",,2,2
Function,"RegexUtils.RegexUtils.generate_split_sentences_pattern",,3,2
Function,"RegexUtils.RegexUtils.match",,1,2
Function,"RegexUtils.RegexUtils.split",,1,2
Function,"RegexUtils.RegexUtils.split_sentences",,1,2
Function,"RegexUtils.RegexUtils.sub",,1,2
Function,"RegexUtils.RegexUtils.validate_phone_number",,1,2
Module File,"RegexUtils.py",2,46,34
Class,"SQLGenerator.SQLGenerator",3,25,36
Function,"SQLGenerator.SQLGenerator.__init__",,1,2
Function,"SQLGenerator.SQLGenerator.delete",,3,4
Function,"SQLGenerator.SQLGenerator.insert",,6,9
Function,"SQLGenerator.SQLGenerator.select",,6,10
Function,"SQLGenerator.SQLGenerator.select_by_age_range",,2,2
Function,"SQLGenerator.SQLGenerator.select_female_under_age",,2,2
Function,"SQLGenerator.SQLGenerator.update",,5,6
Module File,"SQLGenerator.py",3,25,36
Class,"SQLQueryBuilder.SQLQueryBuilder",2,19,28
Function,"SQLQueryBuilder.SQLQueryBuilder.delete",,3,5
Function,"SQLQueryBuilder.SQLQueryBuilder.insert",,4,6
Function,"SQLQueryBuilder.SQLQueryBuilder.select",,3,5
Function,"SQLQueryBuilder.SQLQueryBuilder.update",,5,7
Module File,"SQLQueryBuilder.py",2,21,33
Class,"Server.Server",3,33,40
Function,"Server.Server.__init__",,2,4
Function,"Server.Server.add_white_list",,4,6
Function,"Server.Server.del_white_list",,4,6
Function,"Server.Server.recv",,6,8
Function,"Server.Server.send",,6,8
Function,"Server.Server.show",,5,7
Module File,"Server.py",3,33,40
Class,"ShoppingCart.ShoppingCart",3,14,23
Function,"ShoppingCart.ShoppingCart.__init__",,1,2
Function,"ShoppingCart.ShoppingCart.add_item",,3,5
Function,"ShoppingCart.ShoppingCart.remove_item",,5,8
Function,"ShoppingCart.ShoppingCart.total_price",,4,5
Function,"ShoppingCart.ShoppingCart.view_items",,1,2
Function,"ShoppingCart.main",,0,9
Module File,"ShoppingCart.py",3,15,34
Class,"Snake.Snake",8,26,47
Function,"Snake.Snake.__init__",,7,10
Function,"Snake.Snake.eat_food",,3,4
Function,"Snake.Snake.move",,9,19
Function,"Snake.Snake.random_food_position",,2,7
Function,"Snake.Snake.reset",,5,6
Module File,"Snake.py",8,26,48
Class,"SplitSentence.SplitSentence",3,11,17
Function,"SplitSentence.SplitSentence.count_words",,2,3
Function,"SplitSentence.SplitSentence.process_text_file",,6,8
Function,"SplitSentence.SplitSentence.split_sentences",,3,5
Module File,"SplitSentence.py",3,11,18
Class,"Statistics3.Statistics3",3,23,40
Function,"Statistics3.Statistics3.correlation",,3,6
Function,"Statistics3.Statistics3.correlation_matrix",,2,4
Function,"Statistics3.Statistics3.mean",,2,4
Function,"Statistics3.Statistics3.median",,2,4
Function,"Statistics3.Statistics3.mode",,2,4
Function,"Statistics3.Statistics3.standard_deviation",,2,4
Function,"Statistics3.Statistics3.z_score",,3,6
Module File,"Statistics3.py",3,24,44
Class,"Stock.Stock",1,3,5
Function,"Stock.Stock.__init__",,3,4
Class,"Stock.StockPortfolioTracker",4,65,52
Function,"Stock.StockPortfolioTracker.__init__",,5,3
Function,"Stock.StockPortfolioTracker.add_stock",,6,5
Function,"Stock.StockPortfolioTracker.buy_stock",,10,8
Function,"Stock.StockPortfolioTracker.calculate_portfolio_value",,8,5
Function,"Stock.StockPortfolioTracker.get_portfolio_summary",,10,7
Function,"Stock.StockPortfolioTracker.get_stock_value",,7,5
Function,"Stock.StockPortfolioTracker.remove_stock",,6,5
Function,"Stock.StockPortfolioTracker.sell_stock",,13,13
Module File,"Stock.py",4,75,66
Class,"StudentDatabaseProcessor.StudentDatabaseProcessor",1,14,37
Function,"StudentDatabaseProcessor.StudentDatabaseProcessor.__init__",,2,3
Function,"StudentDatabaseProcessor.StudentDatabaseProcessor.create_student_table",,3,12
Function,"StudentDatabaseProcessor.StudentDatabaseProcessor.delete_student_by_name",,3,7
Function,"StudentDatabaseProcessor.StudentDatabaseProcessor.insert_student",,3,7
Function,"StudentDatabaseProcessor.StudentDatabaseProcessor.search_student_by_name",,3,7
Module File,"StudentDatabaseProcessor.py",2,18,47
Class,"TextFileProcessor.TextFileProcessor",2,13,20
Function,"TextFileProcessor.TextFileProcessor.__init__",,1,2
Function,"TextFileProcessor.TextFileProcessor.process_file",,3,4
Function,"TextFileProcessor.TextFileProcessor.read_file",,1,3
Function,"TextFileProcessor.TextFileProcessor.read_file_as_json",,2,7
Function,"TextFileProcessor.TextFileProcessor.write_file",,1,3
Module File,"TextFileProcessor.py",2,13,21
Class,"Thermostat.Thermostat",4,10,39
Function,"Thermostat.Thermostat.__init__",,1,4
Function,"Thermostat.Thermostat.auto_check_conflict",,1,5
Function,"Thermostat.Thermostat.auto_set_mode",,1,5
Function,"Thermostat.Thermostat.get_mode",,1,2
Function,"Thermostat.Thermostat.get_target_temperature",,1,2
Function,"Thermostat.Thermostat.set_mode",,1,5
Function,"Thermostat.Thermostat.set_target_temperature",,1,2
Function,"Thermostat.Thermostat.simulate_operation",,3,13
Module File,"Thermostat.py",4,16,47
Class,"TimeUtils.TimeUtils",1,20,24
Function,"TimeUtils.TimeUtils.__init__",,0,2
Function,"TimeUtils.TimeUtils.add_seconds",,2,3
Function,"TimeUtils.TimeUtils.datetime_to_string",,1,2
Function,"TimeUtils.TimeUtils.get_current_date",,1,2
Function,"TimeUtils.TimeUtils.get_current_time",,1,2
Function,"TimeUtils.TimeUtils.get_format_time",,2,3
Function,"TimeUtils.TimeUtils.get_minutes",,4,7
Function,"TimeUtils.TimeUtils.string_to_datetime",,1,2
Module File,"TimeUtils.py",1,20,26
Class,"TriCalculator.TriCalculator",2,37,29
Function,"TriCalculator.TriCalculator.__init__",,1,2
Function,"TriCalculator.TriCalculator.cos",,5,2
Function,"TriCalculator.TriCalculator.factorial",,6,5
Function,"TriCalculator.TriCalculator.sin",,9,7
Function,"TriCalculator.TriCalculator.tan",,6,5
Function,"TriCalculator.TriCalculator.taylor",,10,7
Module File,"TriCalculator.py",2,38,30
Class,"TwentyFourPointGame.TwentyFourPointGame",2,10,20
Function,"TwentyFourPointGame.TwentyFourPointGame.__init__",,1,2
Function,"TwentyFourPointGame.TwentyFourPointGame._generate_cards",,1,2
Function,"TwentyFourPointGame.TwentyFourPointGame.answer",,2,4
Function,"TwentyFourPointGame.TwentyFourPointGame.evaluate_expression",,4,7
Function,"TwentyFourPointGame.TwentyFourPointGame.get_my_cards",,2,4
Module File,"TwentyFourPointGame.py",2,11,26
Class,"URLHandler.URLHandler",1,7,13
Function,"URLHandler.URLHandler.__init__",,1,2
Function,"URLHandler.URLHandler.get_fragment",,1,2
Function,"URLHandler.URLHandler.get_host",,1,2
Function,"URLHandler.URLHandler.get_path",,1,2
Function,"URLHandler.URLHandler.get_query_params",,2,2
Function,"URLHandler.URLHandler.get_scheme",,1,2
Module File,"URLHandler.py",2,10,22
Class,"UrlPath.UrlPath",3,14,26
Function,"UrlPath.UrlPath.__init__",,1,3
Function,"UrlPath.UrlPath.__str__",,1,2
Function,"UrlPath.UrlPath.add",,2,3
Function,"UrlPath.UrlPath.build",,4,7
Function,"UrlPath.UrlPath.fix_path",,3,6
Function,"UrlPath.UrlPath.parse",,3,3
Module File,"UrlPath.py",3,14,27
Class,"UserLoginDB.UserLoginDB",2,14,27
Function,"UserLoginDB.UserLoginDB.__del__",,0,2
Function,"UserLoginDB.UserLoginDB.__init__",,4,8
Function,"UserLoginDB.UserLoginDB.delete_user_by_username",,2,3
Function,"UserLoginDB.UserLoginDB.insert_user",,2,3
Function,"UserLoginDB.UserLoginDB.search_user_by_username",,2,3
Function,"UserLoginDB.UserLoginDB.validate_user_login",,3,7
Module File,"UserLoginDB.py",2,14,28
Class,"VectorUtil.VectorUtil",2,30,26
Function,"VectorUtil.VectorUtil.compute_idf_weight_dict",,9,6
Function,"VectorUtil.VectorUtil.cosine_similarities",,7,5
Function,"VectorUtil.VectorUtil.n_similarity",,7,5
Function,"VectorUtil.VectorUtil.similarity",,7,5
Module File,"VectorUtil.py",2,30,29
Class,"VendingMachine.VendingMachine",4,54,41
Function,"VendingMachine.VendingMachine.__init__",,5,3
Function,"VendingMachine.VendingMachine.add_item",,7,5
Function,"VendingMachine.VendingMachine.display_items",,10,8
Function,"VendingMachine.VendingMachine.insert_coin",,6,3
Function,"VendingMachine.VendingMachine.purchase_item",,13,13
Function,"VendingMachine.VendingMachine.restock_item",,8,6
Function,"VendingMachine.VendingMachine.view_balance",,5,2
Module File,"VendingMachine.py",4,55,51
Class,"Warehouse.Warehouse",2,52,37
Function,"Warehouse.Warehouse.__init__",,5,3
Function,"Warehouse.Warehouse.add_product",,7,5
Function,"Warehouse.Warehouse.change_order_status",,8,6
Function,"Warehouse.Warehouse.create_order",,11,7
Function,"Warehouse.Warehouse.get_product_quantity",,8,5
Function,"Warehouse.Warehouse.track_order",,7,5
Function,"Warehouse.Warehouse.update_product_quantity",,6,5
Module File,"Warehouse.py",2,56,44
Class,"WeatherSystem.WeatherSystem",5,6,28
Function,"WeatherSystem.WeatherSystem.__init__",,1,4
Function,"WeatherSystem.WeatherSystem.celsius_to_fahrenheit",,1,5
Function,"WeatherSystem.WeatherSystem.fahrenheit_to_celsius",,1,2
Function,"WeatherSystem.WeatherSystem.query",,2,12
Function,"WeatherSystem.WeatherSystem.set_city",,1,4
Module File,"WeatherSystem.py",5,9,35
Class,"Words2Numbers.Words2Numbers",7,28,52
Function,"Words2Numbers.Words2Numbers.__init__",,3,18
Function,"Words2Numbers.Words2Numbers.is_valid_input",,10,11
Function,"Words2Numbers.Words2Numbers.text2int",,15,22
Module File,"Words2Numbers.py",7,31,55
Class,"XMLProcessor.XMLProcessor",3,11,32
Function,"XMLProcessor.XMLProcessor.__init__",,4,10
Function,"XMLProcessor.XMLProcessor.find_element",,2,5
Function,"XMLProcessor.XMLProcessor.process_xml_data",,3,8
Function,"XMLProcessor.XMLProcessor.read_xml",,1,2
Function,"XMLProcessor.XMLProcessor.write_xml",,1,6
Module File,"XMLProcessor.py",3,15,43
