Kind,Name,MaxCyclomatic,CountLineCode,CountLineComment
Class,"AreaCalculator.AreaCalculator",1,18,18
Function,"AreaCalculator.AreaCalculator.__init__",,2,1
Function,"AreaCalculator.AreaCalculator.calculate_annulus_area",,3,2
Function,"AreaCalculator.AreaCalculator.calculate_circle_area",,3,2
Function,"AreaCalculator.AreaCalculator.calculate_cylinder_area",,3,2
Function,"AreaCalculator.AreaCalculator.calculate_sector_area",,3,3
Function,"AreaCalculator.AreaCalculator.calculate_sphere_area",,3,2
Module File,"AreaCalculator.py",1,19,18
Class,"ArrangementCalculator.ArrangementCalculator",4,38,8
Function,"ArrangementCalculator.ArrangementCalculator.__init__",,2,1
Function,"ArrangementCalculator.ArrangementCalculator.count",,4,2
Function,"ArrangementCalculator.ArrangementCalculator.count_all",,5,1
Function,"ArrangementCalculator.ArrangementCalculator.factorial",,5,1
Function,"ArrangementCalculator.ArrangementCalculator.select",,13,2
Function,"ArrangementCalculator.ArrangementCalculator.select.permute",,9,0
Function,"ArrangementCalculator.ArrangementCalculator.select_all",,5,1
Module File,"ArrangementCalculator.py",4,38,8
Class,"AvgPartition.AvgPartition",2,17,11
Function,"AvgPartition.AvgPartition.__init__",,5,1
Function,"AvgPartition.AvgPartition.get",,7,5
Function,"AvgPartition.AvgPartition.setNum",,4,2
Module File,"AvgPartition.py",2,17,11
Class,"BalancedBrackets.BalancedBrackets",6,20,8
Function,"BalancedBrackets.BalancedBrackets.__init__",,5,2
Function,"BalancedBrackets.BalancedBrackets.check_balanced_brackets",,12,5
Function,"BalancedBrackets.BalancedBrackets.clear_expr",,2,1
Module File,"BalancedBrackets.py",6,20,8
Class,"BigNumCalculator.BigNumCalculator",1,19,9
Function,"BigNumCalculator.BigNumCalculator.add",,5,3
Function,"BigNumCalculator.BigNumCalculator.multiply",,5,3
Function,"BigNumCalculator.BigNumCalculator.subtract",,5,3
Module File,"BigNumCalculator.py",1,19,9
Class,"BinaryDataProcessor.BinaryDataProcessor",3,25,23
Function,"BinaryDataProcessor.BinaryDataProcessor.__init__",,3,5
Function,"BinaryDataProcessor.BinaryDataProcessor.calculate_binary_info",,7,5
Function,"BinaryDataProcessor.BinaryDataProcessor.clean_non_binary_chars",,2,3
Function,"BinaryDataProcessor.BinaryDataProcessor.convert_to_ascii",,6,5
Function,"BinaryDataProcessor.BinaryDataProcessor.convert_to_utf8",,6,5
Module File,"BinaryDataProcessor.py",3,25,23
Class,"BitStatusUtil.BitStatusUtil",4,20,7
Function,"BitStatusUtil.BitStatusUtil.add",,3,2
Function,"BitStatusUtil.BitStatusUtil.check",,6,1
Function,"BitStatusUtil.BitStatusUtil.has",,3,2
Function,"BitStatusUtil.BitStatusUtil.remove",,3,2
Module File,"BitStatusUtil.py",4,20,7
Class,"BookManagementDB.BookManagementDB",1,42,0
Function,"BookManagementDB.BookManagementDB.__init__",,4,0
Function,"BookManagementDB.BookManagementDB.add_book",,6,0
Function,"BookManagementDB.BookManagementDB.borrow_book",,7,0
Function,"BookManagementDB.BookManagementDB.create_table",,6,0
Function,"BookManagementDB.BookManagementDB.remove_book",,6,0
Function,"BookManagementDB.BookManagementDB.return_book",,7,0
Function,"BookManagementDB.BookManagementDB.search_books",,5,0
Module File,"BookManagementDB.py",1,43,0
Class,"ChandrasekharSieve.ChandrasekharSieve",4,14,1
Function,"ChandrasekharSieve.ChandrasekharSieve.__init__",,3,0
Function,"ChandrasekharSieve.ChandrasekharSieve.generate_primes",,8,1
Function,"ChandrasekharSieve.ChandrasekharSieve.get_primes",,2,0
Module File,"ChandrasekharSieve.py",4,14,1
Class,"ComplexCalculator.ComplexCalculator",2,17,0
Function,"ComplexCalculator.ComplexCalculator.__init__",,2,0
Function,"ComplexCalculator.ComplexCalculator.add",,2,0
Function,"ComplexCalculator.ComplexCalculator.divide",,4,0
Function,"ComplexCalculator.ComplexCalculator.multiply",,2,0
Function,"ComplexCalculator.ComplexCalculator.subtract",,2,0
Module File,"ComplexCalculator.py",2,17,0
Class,"DataStatistics.DataStatistics",1,11,0
Function,"DataStatistics.DataStatistics.mean",,2,0
Function,"DataStatistics.DataStatistics.median",,3,0
Function,"DataStatistics.DataStatistics.mode",,5,0
Module File,"DataStatistics.py",1,13,0
Class,"DataStatistics2.DataStatistics2",1,15,0
Function,"DataStatistics2.DataStatistics2.__init__",,2,0
Function,"DataStatistics2.DataStatistics2.get_correlation",,2,0
Function,"DataStatistics2.DataStatistics2.get_max",,2,0
Function,"DataStatistics2.DataStatistics2.get_min",,2,0
Function,"DataStatistics2.DataStatistics2.get_std_deviation",,2,0
Function,"DataStatistics2.DataStatistics2.get_sum",,2,0
Function,"DataStatistics2.DataStatistics2.get_variance",,2,0
Module File,"DataStatistics2.py",1,16,0
Class,"DocFileHandler.DocFileHandler",4,52,41
Function,"DocFileHandler.DocFileHandler.__init__",,2,5
Function,"DocFileHandler.DocFileHandler._get_alignment_value",,9,7
Function,"DocFileHandler.DocFileHandler.add_heading",,9,8
Function,"DocFileHandler.DocFileHandler.add_table",,12,7
Function,"DocFileHandler.DocFileHandler.read_text",,6,5
Function,"DocFileHandler.DocFileHandler.write_text",,13,9
Module File,"DocFileHandler.py",4,55,41
Class,"EightPuzzle.EightPuzzle",5,49,0
Function,"EightPuzzle.EightPuzzle.__init__",,3,0
Function,"EightPuzzle.EightPuzzle.find_blank",,5,0
Function,"EightPuzzle.EightPuzzle.get_possible_moves",,12,0
Function,"EightPuzzle.EightPuzzle.move",,12,0
Function,"EightPuzzle.EightPuzzle.solve",,16,0
Module File,"EightPuzzle.py",5,49,0
Class,"EncryptionUtils.EncryptionUtils",6,42,0
Function,"EncryptionUtils.EncryptionUtils.__init__",,2,0
Function,"EncryptionUtils.EncryptionUtils.caesar_cipher",,9,0
Function,"EncryptionUtils.EncryptionUtils.rail_fence_cipher",,17,0
Function,"EncryptionUtils.EncryptionUtils.vigenere_cipher",,13,0
Module File,"EncryptionUtils.py",6,42,0
Class,"FitnessTracker.FitnessTracker",7,40,0
Function,"FitnessTracker.FitnessTracker.__init__",,10,0
Function,"FitnessTracker.FitnessTracker.calculate_calorie_intake",,12,0
Function,"FitnessTracker.FitnessTracker.condition_judge",,15,0
Function,"FitnessTracker.FitnessTracker.get_BMI",,2,0
Module File,"FitnessTracker.py",7,40,0
Class,"GomokuGame.GomokuGame",6,37,0
Function,"GomokuGame.GomokuGame.__init__",,4,0
Function,"GomokuGame.GomokuGame._check_five_in_a_row",,18,0
Function,"GomokuGame.GomokuGame.check_winner",,8,0
Function,"GomokuGame.GomokuGame.make_move",,6,0
Module File,"GomokuGame.py",6,37,0
Class,"IPAddress.IPAddress",5,25,0
Function,"IPAddress.IPAddress.__init__",,2,0
Function,"IPAddress.IPAddress.get_binary",,8,0
Function,"IPAddress.IPAddress.get_octets",,4,0
Function,"IPAddress.IPAddress.is_valid",,10,0
Module File,"IPAddress.py",5,25,0
Class,"ImageProcessor.ImageProcessor",2,26,0
Function,"ImageProcessor.ImageProcessor.__init__",,2,0
Function,"ImageProcessor.ImageProcessor.adjust_brightness",,6,0
Function,"ImageProcessor.ImageProcessor.load_image",,2,0
Function,"ImageProcessor.ImageProcessor.resize_image",,5,0
Function,"ImageProcessor.ImageProcessor.rotate_image",,5,0
Function,"ImageProcessor.ImageProcessor.save_image",,5,0
Module File,"ImageProcessor.py",2,27,0
Class,"Interpolation.Interpolation",5,34,0
Function,"Interpolation.Interpolation.__init__",,2,0
Function,"Interpolation.Interpolation.interpolate_1d",,10,0
Function,"Interpolation.Interpolation.interpolate_2d",,19,0
Module File,"Interpolation.py",5,34,0
Class,"JSONProcessor.JSONProcessor",4,30,34
Function,"JSONProcessor.JSONProcessor.process_json",,12,14
Function,"JSONProcessor.JSONProcessor.read_json",,9,10
Function,"JSONProcessor.JSONProcessor.write_json",,8,10
Module File,"JSONProcessor.py",4,32,34
Class,"Lemmatization.Lemmatization",6,28,11
Function,"Lemmatization.Lemmatization.__init__",,2,1
Function,"Lemmatization.Lemmatization.get_pos_tag",,5,4
Function,"Lemmatization.Lemmatization.lemmatize_sentence",,18,5
Function,"Lemmatization.Lemmatization.remove_punctuation",,2,1
Module File,"Lemmatization.py",6,35,12
Class,"MahjongConnect.MahjongConnect",5,51,14
Function,"MahjongConnect.MahjongConnect.__init__",,4,2
Function,"MahjongConnect.MahjongConnect.create_board",,8,2
Function,"MahjongConnect.MahjongConnect.has_path",,16,3
Function,"MahjongConnect.MahjongConnect.has_path.dfs",,13,0
Function,"MahjongConnect.MahjongConnect.is_game_over",,6,1
Function,"MahjongConnect.MahjongConnect.is_valid_move",,13,5
Function,"MahjongConnect.MahjongConnect.remove_icons",,3,1
Module File,"MahjongConnect.py",5,52,14
Class,"MovieBookingSystem.MovieBookingSystem",6,38,12
Function,"MovieBookingSystem.MovieBookingSystem.__init__",,2,1
Function,"MovieBookingSystem.MovieBookingSystem.add_movie",,13,3
Function,"MovieBookingSystem.MovieBookingSystem.available_movies",,10,4
Function,"MovieBookingSystem.MovieBookingSystem.book_ticket",,12,4
Module File,"MovieBookingSystem.py",6,40,12
Class,"MovieTicketDB.MovieTicketDB",1,33,7
Function,"MovieTicketDB.MovieTicketDB.__init__",,4,2
Function,"MovieTicketDB.MovieTicketDB.create_table",,10,2
Function,"MovieTicketDB.MovieTicketDB.delete_ticket",,6,1
Function,"MovieTicketDB.MovieTicketDB.insert_ticket",,6,1
Function,"MovieTicketDB.MovieTicketDB.search_tickets_by_customer",,6,1
Module File,"MovieTicketDB.py",1,34,7
Class,"NLPDataProcessor2.NLPDataProcessor2",2,17,13
Function,"NLPDataProcessor2.NLPDataProcessor2.calculate_word_frequency",,5,5
Function,"NLPDataProcessor2.NLPDataProcessor2.process",,4,4
Function,"NLPDataProcessor2.NLPDataProcessor2.process_data",,7,4
Module File,"NLPDataProcessor2.py",2,19,13
Class,"PersonRequest.PersonRequest",2,18,0
Function,"PersonRequest.PersonRequest.__init__",,4,0
Function,"PersonRequest.PersonRequest._validate_name",,4,0
Function,"PersonRequest.PersonRequest._validate_phoneNumber",,4,0
Function,"PersonRequest.PersonRequest._validate_sex",,5,0
Module File,"PersonRequest.py",2,18,0
Class,"PushBoxGame.PushBoxGame",13,57,2
Function,"PushBoxGame.PushBoxGame.__init__",,9,0
Function,"PushBoxGame.PushBoxGame.check_win",,3,0
Function,"PushBoxGame.PushBoxGame.init_game",,11,0
Function,"PushBoxGame.PushBoxGame.move",,33,2
Module File,"PushBoxGame.py",13,57,2
Class,"SQLGenerator.SQLGenerator",3,32,0
Function,"SQLGenerator.SQLGenerator.__init__",,2,0
Function,"SQLGenerator.SQLGenerator.delete",,3,0
Function,"SQLGenerator.SQLGenerator.insert",,5,0
Function,"SQLGenerator.SQLGenerator.select",,11,0
Function,"SQLGenerator.SQLGenerator.select_by_age_range",,3,0
Function,"SQLGenerator.SQLGenerator.select_female_under_age",,3,0
Function,"SQLGenerator.SQLGenerator.update",,4,0
Module File,"SQLGenerator.py",3,32,0
Class,"SQLQueryBuilder.SQLQueryBuilder",3,28,0
Function,"SQLQueryBuilder.SQLQueryBuilder.delete",,6,0
Function,"SQLQueryBuilder.SQLQueryBuilder.insert",,4,0
Function,"SQLQueryBuilder.SQLQueryBuilder.select",,6,0
Function,"SQLQueryBuilder.SQLQueryBuilder.update",,7,0
Module File,"SQLQueryBuilder.py",3,28,0
Class,"SignInSystem.SignInSystem",2,21,0
Function,"SignInSystem.SignInSystem.__init__",,2,0
Function,"SignInSystem.SignInSystem.add_user",,5,0
Function,"SignInSystem.SignInSystem.all_not_signed_in",,2,0
Function,"SignInSystem.SignInSystem.all_signed_in",,2,0
Function,"SignInSystem.SignInSystem.check_sign_in",,4,0
Function,"SignInSystem.SignInSystem.sign_in",,5,0
Module File,"SignInSystem.py",2,21,0
Class,"StudentDatabaseProcessor.StudentDatabaseProcessor",1,29,0
Function,"StudentDatabaseProcessor.StudentDatabaseProcessor.__init__",,4,0
Function,"StudentDatabaseProcessor.StudentDatabaseProcessor.create_student_table",,6,0
Function,"StudentDatabaseProcessor.StudentDatabaseProcessor.delete_student_by_name",,6,0
Function,"StudentDatabaseProcessor.StudentDatabaseProcessor.insert_student",,6,0
Function,"StudentDatabaseProcessor.StudentDatabaseProcessor.search_student_by_name",,6,0
Module File,"StudentDatabaseProcessor.py",1,30,0
Class,"TextFileProcessor.TextFileProcessor",2,28,0
Function,"TextFileProcessor.TextFileProcessor.__init__",,2,0
Function,"TextFileProcessor.TextFileProcessor.process_file",,8,0
Function,"TextFileProcessor.TextFileProcessor.read_file",,7,0
Function,"TextFileProcessor.TextFileProcessor.read_file_as_json",,7,0
Function,"TextFileProcessor.TextFileProcessor.write_file",,3,0
Module File,"TextFileProcessor.py",2,29,0
Class,"TicTacToe.TicTacToe",7,28,3
Function,"TicTacToe.TicTacToe.__init__",,3,0
Function,"TicTacToe.TicTacToe.check_winner",,12,3
Function,"TicTacToe.TicTacToe.is_board_full",,6,0
Function,"TicTacToe.TicTacToe.make_move",,6,0
Module File,"TicTacToe.py",7,28,3
Class,"TimeUtils.TimeUtils",1,22,0
Function,"TimeUtils.TimeUtils.__init__",,2,0
Function,"TimeUtils.TimeUtils.add_seconds",,3,0
Function,"TimeUtils.TimeUtils.datetime_to_string",,2,0
Function,"TimeUtils.TimeUtils.get_current_date",,2,0
Function,"TimeUtils.TimeUtils.get_current_time",,2,0
Function,"TimeUtils.TimeUtils.get_format_time",,2,0
Function,"TimeUtils.TimeUtils.get_minutes",,6,0
Function,"TimeUtils.TimeUtils.string_to_datetime",,2,0
Module File,"TimeUtils.py",1,24,0
Class,"Warehouse.Warehouse",2,35,0
Function,"Warehouse.Warehouse.__init__",,3,0
Function,"Warehouse.Warehouse.add_product",,5,0
Function,"Warehouse.Warehouse.change_order_status",,6,0
Function,"Warehouse.Warehouse.create_order",,7,0
Function,"Warehouse.Warehouse.get_product_quantity",,5,0
Function,"Warehouse.Warehouse.track_order",,5,0
Function,"Warehouse.Warehouse.update_product_quantity",,3,0
Module File,"Warehouse.py",2,35,0
Class,"XMLProcessor.XMLProcessor",4,42,1
Function,"XMLProcessor.XMLProcessor.__init__",,3,0
Function,"XMLProcessor.XMLProcessor.find_element",,6,0
Function,"XMLProcessor.XMLProcessor.process_xml_data",,9,1
Function,"XMLProcessor.XMLProcessor.read_xml",,11,0
Function,"XMLProcessor.XMLProcessor.write_xml",,12,0
Module File,"XMLProcessor.py",4,43,1
Class,"ZipFileProcessor.ZipFileProcessor",4,36,0
Function,"ZipFileProcessor.ZipFileProcessor.__init__",,2,0
Function,"ZipFileProcessor.ZipFileProcessor.create_zip_file",,12,0
Function,"ZipFileProcessor.ZipFileProcessor.extract_all",,8,0
Function,"ZipFileProcessor.ZipFileProcessor.extract_file",,8,0
Function,"ZipFileProcessor.ZipFileProcessor.read_zip_file",,5,0
Module File,"ZipFileProcessor.py",4,38,0
