Kind,Name,AvgCountLineBlank,AvgCountLineComment,AvgCountLineCode,AvgCyclomatic,CountDeclFunction,MaxCyclomatic,CountClassCoupled
Class,"GPT0COT.AccessGatewayFilter",0,0,4,2,,3,2
Module File,"GPT0COT.py",0,0,4,2,5,3,
Class,"GPT0COTFewShot.AccessGatewayFilter",0,0,4,2,,3,3
Module File,"GPT0COTFewShot.py",0,0,4,2,5,3,
Class,"GPT0FewShot.AccessGatewayFilter",0,6,4,2,,3,2
Module File,"GPT0FewShot.py",0,6,4,2,5,3,
Class,"GPT0ZeroShot.AccessGatewayFilter",1,5,7,2,,4,1
Module File,"GPT0ZeroShot.py",1,5,7,2,5,4,
Class,"GPT10COT.BinaryDataProcessor",0,0,5,1,,2,3
Module File,"GPT10COT.py",0,0,5,1,5,2,
Class,"GPT10COTFewShot.BinaryDataProcessor",0,0,4,1,,3,4
Module File,"GPT10COTFewShot.py",0,0,4,1,5,3,
Class,"GPT10FewShot.BinaryDataProcessor",0,5,5,1,,1,2
Module File,"GPT10FewShot.py",0,5,5,1,5,1,
Class,"GPT10ZeroShot.BinaryDataProcessor",0,4,6,2,,3,2
Module File,"GPT10ZeroShot.py",0,4,6,2,5,3,
Class,"GPT11COT.BitStatusUtil",0,0,4,2,,4,1
Module File,"GPT11COT.py",0,0,4,2,4,4,
Class,"GPT11COTFewShot.BitStatusUtil",0,0,3,2,,3,1
Module File,"GPT11COTFewShot.py",0,0,3,2,4,3,
Class,"GPT11FewShot.BitStatusUtil",0,10,4,2,,4,1
Module File,"GPT11FewShot.py",0,10,4,2,4,4,
Class,"GPT11ZeroShot.BitStatusUtil",0,5,4,1,,2,1
Module File,"GPT11ZeroShot.py",0,5,4,1,4,2,
Class,"GPT12COT.BlackjackGame",1,0,10,3,,6,1
Module File,"GPT12COT.py",1,0,10,3,4,6,
Class,"GPT12COTFewShot.BlackjackGame",0,0,9,3,,5,1
Module File,"GPT12COTFewShot.py",0,0,9,3,4,5,
Class,"GPT12FewShot.BlackjackGame",2,10,9,3,,6,1
Module File,"GPT12FewShot.py",2,10,9,3,4,6,
Class,"GPT12ZeroShot.BlackjackGame",1,7,10,3,,6,1
Module File,"GPT12ZeroShot.py",1,7,10,3,4,6,
Class,"GPT13COT.BookManagement",0,0,4,2,,4,0
Module File,"GPT13COT.py",0,0,4,2,5,4,
Class,"GPT13COTFewShot.BookManagement",0,0,4,2,,4,0
Module File,"GPT13COTFewShot.py",0,0,4,2,5,4,
Class,"GPT13FewShot.BookManagement",0,5,4,2,,4,2
Module File,"GPT13FewShot.py",0,5,4,2,5,4,
Class,"GPT13ZeroShot.BookManagement",0,5,4,2,,4,1
Module File,"GPT13ZeroShot.py",0,5,4,2,5,4,
Class,"GPT14COT.BookManagementDB",0,0,4,1,,1,0
Module File,"GPT14COT.py",0,0,4,1,7,1,
Class,"GPT14COTFewShot.BookManagementDB",0,0,4,1,,1,0
Module File,"GPT14COTFewShot.py",0,0,4,1,7,1,
Class,"GPT14FewShot.BookManagementDB",0,5,6,1,,1,0
Module File,"GPT14FewShot.py",0,5,6,1,7,1,
Class,"GPT14ZeroShot.BookManagementDB",0,5,6,1,,1,0
Module File,"GPT14ZeroShot.py",0,5,6,1,7,1,
Class,"GPT15COT.BoyerMooreSearch",0,0,7,3,,3,1
Module File,"GPT15COT.py",0,0,7,3,4,3,
Class,"GPT15COTFewShot.BoyerMooreSearch",0,0,7,3,,3,1
Module File,"GPT15COTFewShot.py",0,0,7,3,4,3,
Class,"GPT15FewShot.BoyerMooreSearch",1,6,7,3,,4,1
Module File,"GPT15FewShot.py",1,6,7,3,4,4,
Class,"GPT15ZeroShot.BoyerMooreSearch",1,4,7,3,,4,1
Module File,"GPT15ZeroShot.py",1,4,7,3,5,4,
Class,"GPT16COT.Calculator",1,0,11,3,,8,1
Module File,"GPT16COT.py",1,0,11,3,6,8,
Class,"GPT16COTFewShot.Calculator",1,0,14,3,,7,2
Module File,"GPT16COTFewShot.py",1,0,14,3,4,7,
Class,"GPT16FewShot.Calculator",1,3,12,3,,6,1
Module File,"GPT16FewShot.py",1,3,12,3,6,6,
Module File,"GPT16ZeroShot.py",0,0,0,1,0,1,
Class,"GPT17COT.CalendarUtil",0,0,4,2,,4,2
Module File,"GPT17COT.py",0,0,4,2,7,4,
Class,"GPT17COTFewShot.CalendarUtil",0,0,4,2,,4,2
Module File,"GPT17COTFewShot.py",0,0,4,2,7,4,
Class,"GPT17FewShot.CalendarUtil",1,6,4,2,,4,2
Module File,"GPT17FewShot.py",1,6,4,2,7,4,
Class,"GPT17ZeroShot.CalendarUtil",1,5,5,2,,4,1
Module File,"GPT17ZeroShot.py",1,5,5,2,7,4,
Class,"GPT18COT.CamelCaseMap",0,0,3,1,,1,0
Module File,"GPT18COT.py",0,0,3,1,8,1,
Class,"GPT18COTFewShot.CamelCaseMap",0,0,3,1,,1,0
Module File,"GPT18COTFewShot.py",0,0,3,1,8,1,
Class,"GPT18FewShot.CamelCaseMap",0,6,3,1,,1,0
Module File,"GPT18FewShot.py",0,6,3,1,8,1,
Class,"GPT18ZeroShot.CamelCaseMap",0,4,3,1,,1,0
Module File,"GPT18ZeroShot.py",0,4,3,1,8,1,
Class,"GPT19COT.ChandrasekharSieve",1,0,5,2,,5,1
Module File,"GPT19COT.py",1,0,5,2,3,5,
Class,"GPT19COTFewShot.ChandrasekharSieve",0,0,5,2,,5,1
Module File,"GPT19COTFewShot.py",0,0,5,2,3,5,
Class,"GPT19FewShot.ChandrasekharSieve",1,8,5,2,,4,1
Module File,"GPT19FewShot.py",1,8,5,2,3,4,
Class,"GPT19ZeroShot.ChandrasekharSieve",1,7,6,2,,5,3
Module File,"GPT19ZeroShot.py",1,7,6,2,3,5,
Class,"GPT1COT.AreaCalculator",0,0,2,1,,1,0
Module File,"GPT1COT.py",0,0,2,1,6,1,
Class,"GPT1COTFewShot.AreaCalculator",0,0,2,1,,1,0
Module File,"GPT1COTFewShot.py",0,0,2,1,6,1,
Class,"GPT1FewShot.AreaCalculator",0,8,2,1,,1,0
Module File,"GPT1FewShot.py",0,8,2,1,6,1,
Class,"GPT1ZeroShot.AreaCalculator",0,4,3,1,,1,0
Module File,"GPT1ZeroShot.py",0,4,3,1,6,1,
Class,"GPT20COT.Chat",0,0,6,2,,2,1
Module File,"GPT20COT.py",0,0,6,2,5,2,
Class,"GPT20COTFewShot.Chat",0,0,6,2,,2,1
Module File,"GPT20COTFewShot.py",0,0,6,2,5,2,
Class,"GPT20FewShot.Chat",0,11,6,2,,2,1
Module File,"GPT20FewShot.py",0,11,6,2,5,2,
Class,"GPT20ZeroShot.Chat",0,7,6,2,,2,1
Module File,"GPT20ZeroShot.py",0,7,6,2,5,2,
Class,"GPT21COT.ClassRegistrationSystem",0,0,5,3,,6,2
Module File,"GPT21COT.py",0,0,5,3,6,6,
Class,"GPT21COTFewShot.ClassRegistrationSystem",0,0,5,2,,6,2
Module File,"GPT21COTFewShot.py",0,0,5,2,6,6,
Class,"GPT21FewShot.Classroom",0,4,5,2,,3,1
Module File,"GPT21FewShot.py",0,4,5,2,5,3,
Class,"GPT21ZeroShot.Classroom",1,7,5,2,,3,1
Module File,"GPT21ZeroShot.py",1,7,5,2,5,3,
Class,"GPT22COT.Classroom",0,0,5,2,,3,1
Module File,"GPT22COT.py",0,0,5,2,5,3,
Class,"GPT22COTFewShot.Classroom",0,0,5,2,,3,1
Module File,"GPT22COTFewShot.py",0,0,5,2,5,3,
Class,"GPT22FewShot.ClassRegistrationSystem",0,5,6,3,,6,2
Module File,"GPT22FewShot.py",0,5,6,3,6,6,
Class,"GPT22ZeroShot.ClassRegistrationSystem",0,6,6,3,,6,2
Module File,"GPT22ZeroShot.py",0,6,6,3,6,6,
Class,"GPT23COT.CombinationCalculator",0,0,4,2,,3,4
Module File,"GPT23COT.py",0,0,4,2,6,3,
Class,"GPT23COTFewShot.CombinationCalculator",0,0,5,2,,3,4
Module File,"GPT23COTFewShot.py",0,0,5,2,6,3,
Class,"GPT23FewShot.CombinationCalculator",0,9,3,2,,3,6
Module File,"GPT23FewShot.py",0,9,3,2,6,3,
Class,"GPT23ZeroShot.CombinationCalculator",0,4,5,2,,3,6
Module File,"GPT23ZeroShot.py",0,4,5,2,6,3,
Class,"GPT24COT.ComplexCalculator",0,0,2,1,,1,0
Module File,"GPT24COT.py",0,0,2,1,5,1,
Class,"GPT24COTFewShot.ComplexCalculator",0,0,2,1,,1,0
Module File,"GPT24COTFewShot.py",0,0,2,1,5,1,
Class,"GPT24FewShot.ComplexCalculator",0,7,2,1,,2,1
Module File,"GPT24FewShot.py",0,7,2,1,5,2,
Class,"GPT24ZeroShot.ComplexCalculator",0,4,2,1,,2,1
Module File,"GPT24ZeroShot.py",0,4,2,1,5,2,
Class,"GPT25COT.CookiesUtil",0,0,5,2,,2,2
Module File,"GPT25COT.py",0,0,5,2,4,2,
Class,"GPT25COTFewShot.CookiesUtil",0,0,5,2,,2,1
Module File,"GPT25COTFewShot.py",0,0,5,2,4,2,
Class,"GPT25FewShot.CookiesUtil",0,8,5,2,,2,1
Module File,"GPT25FewShot.py",0,8,5,2,4,2,
Class,"GPT25ZeroShot.CookiesUtil",0,5,6,2,,3,1
Module File,"GPT25ZeroShot.py",0,5,6,2,4,3,
Class,"GPT26COT.CSVProcessor",0,0,7,2,,2,2
Module File,"GPT26COT.py",0,0,7,2,4,2,
Class,"GPT26COTFewShot.CSVProcessor",0,0,8,2,,3,0
Module File,"GPT26COTFewShot.py",0,0,8,2,4,3,
Class,"GPT26FewShot.CSVProcessor",1,6,8,2,,3,1
Module File,"GPT26FewShot.py",1,6,8,2,4,3,
Class,"GPT26ZeroShot.CSVProcessor",1,5,8,2,,3,1
Module File,"GPT26ZeroShot.py",1,5,8,2,4,3,
Class,"GPT27COT.CurrencyConverter",0,0,5,2,,2,1
Module File,"GPT27COT.py",0,0,5,2,5,2,
Class,"GPT27COTFewShot.CurrencyConverter",0,0,5,2,,2,1
Module File,"GPT27COTFewShot.py",0,0,5,2,5,2,
Class,"GPT27FewShot.CurrencyConverter",1,6,5,2,,2,2
Module File,"GPT27FewShot.py",1,6,5,2,5,2,
Class,"GPT27ZeroShot.CurrencyConverter",0,5,5,2,,2,2
Module File,"GPT27ZeroShot.py",0,5,5,2,5,2,
Class,"GPT28COT.DatabaseProcessor",0,0,8,1,,2,1
Module File,"GPT28COT.py",0,0,8,1,5,2,
Class,"GPT28COTFewShot.DatabaseProcessor",0,0,9,1,,2,1
Module File,"GPT28COTFewShot.py",0,0,9,1,5,2,
Class,"GPT28FewShot.DatabaseProcessor",2,6,8,1,,2,1
Module File,"GPT28FewShot.py",2,6,8,1,5,2,
Class,"GPT28ZeroShot.DatabaseProcessor",0,5,6,1,,2,1
Module File,"GPT28ZeroShot.py",0,5,6,1,6,2,
Class,"GPT29COT.DataStatistics",0,0,5,1,,2,0
Module File,"GPT29COT.py",0,0,5,1,3,2,
Class,"GPT29COTFewShot.DataStatistics",0,0,5,1,,2,0
Module File,"GPT29COTFewShot.py",0,0,5,1,3,2,
Class,"GPT29FewShot.DataStatistics",0,11,5,1,,2,0
Module File,"GPT29FewShot.py",0,11,5,1,3,2,
Class,"GPT29ZeroShot.DataStatistics",1,7,7,3,,3,0
Module File,"GPT29ZeroShot.py",1,7,7,3,3,3,
Class,"GPT2COT.ArgumentParser",0,0,7,2,,6,5
Module File,"GPT2COT.py",0,0,7,2,5,6,
Class,"GPT2COTFewShot.ArgumentParser",0,0,6,2,,5,4
Module File,"GPT2COTFewShot.py",0,0,6,2,5,5,
Class,"GPT2FewShot.ArgumentParser",0,7,6,2,,5,3
Module File,"GPT2FewShot.py",0,7,6,2,5,5,
Class,"GPT2ZeroShot.ArgumentParser",0,7,6,2,,5,3
Module File,"GPT2ZeroShot.py",0,7,6,2,5,5,
Class,"GPT30COT.DataStatistics2",0,0,2,1,,1,1
Module File,"GPT30COT.py",0,0,2,1,7,1,
Class,"GPT30COTFewShot.DataStatistics2",0,0,2,1,,2,1
Module File,"GPT30COTFewShot.py",0,0,2,1,7,2,
Class,"GPT30FewShot.DataStatistics2",0,8,2,1,,1,0
Module File,"GPT30FewShot.py",0,8,2,1,7,1,
Class,"GPT30ZeroShot.DataStatistics2",0,5,3,1,,2,1
Module File,"GPT30ZeroShot.py",0,5,3,1,7,2,
Class,"GPT31COT.DataStatistics4",0,0,7,2,,2,1
Module File,"GPT31COT.py",0,0,7,2,4,2,
Class,"GPT31COTFewShot.DataStatistics4",0,0,8,2,,2,1
Module File,"GPT31COTFewShot.py",0,0,8,2,4,2,
Class,"GPT31FewShot.DataStatistics4",0,8,8,2,,2,1
Module File,"GPT31FewShot.py",0,8,8,2,4,2,
Class,"GPT31ZeroShot.DataStatistics4",1,5,8,1,,2,1
Module File,"GPT31ZeroShot.py",1,5,8,1,4,2,
Class,"GPT32COT.DecryptionUtils",1,0,16,6,,14,1
Module File,"GPT32COT.py",1,0,16,6,4,14,
Class,"GPT32COTFewShot.DecryptionUtils",0,0,17,6,,14,1
Module File,"GPT32COTFewShot.py",0,0,17,6,4,14,
Class,"GPT32FewShot.DecryptionUtils",2,8,16,6,,14,1
Module File,"GPT32FewShot.py",2,8,16,6,4,14,
Class,"GPT32ZeroShot.DecryptionUtils",3,5,18,7,,14,1
Module File,"GPT32ZeroShot.py",3,5,18,7,4,14,
Class,"GPT33COT.DiscountStrategy",0,0,4,2,,3,0
Module File,"GPT33COT.py",0,0,4,2,6,3,
Class,"GPT33COTFewShot.DiscountStrategy",0,0,4,2,,3,0
Module File,"GPT33COTFewShot.py",0,0,4,2,6,3,
Class,"GPT33FewShot.DiscountStrategy",0,7,5,2,,3,0
Module File,"GPT33FewShot.py",0,7,5,2,6,3,
Class,"GPT33ZeroShot.DiscountStrategy",0,5,4,2,,3,0
Module File,"GPT33ZeroShot.py",0,5,4,2,6,3,
Class,"GPT34COT.DocFileHandler",0,0,9,3,,5,2
Module File,"GPT34COT.py",0,0,9,3,6,5,
Class,"GPT34COTFewShot.DocFileHandler",0,0,8,3,,5,2
Module File,"GPT34COTFewShot.py",0,0,8,3,6,5,
Class,"GPT34FewShot.DocFileHandler",0,5,8,2,,4,3
Module File,"GPT34FewShot.py",0,5,8,2,6,4,
Class,"GPT34ZeroShot.DocFileHandler",0,4,9,2,,5,3
Module File,"GPT34ZeroShot.py",0,4,9,2,6,5,
Class,"GPT35COT.EightPuzzle",2,0,9,4,,5,3
Module File,"GPT35COT.py",2,0,9,4,5,5,
Class,"GPT35COTFewShot.EightPuzzle",0,0,9,4,,5,4
Module File,"GPT35COTFewShot.py",0,0,9,4,5,5,
Class,"GPT35FewShot.EightPuzzle",2,0,9,4,,5,3
Module File,"GPT35FewShot.py",2,0,9,4,5,5,
Class,"GPT35ZeroShot.EightPuzzle",2,5,9,4,,5,4
Module File,"GPT35ZeroShot.py",2,5,9,4,5,5,
Class,"GPT36COT.EmailClient",0,0,5,2,,3,1
Module File,"GPT36COT.py",0,0,5,2,6,3,
Class,"GPT36COTFewShot.EmailClient",0,0,5,2,,3,1
Module File,"GPT36COTFewShot.py",0,0,5,2,6,3,
Class,"GPT36FewShot.EmailClient",0,5,5,2,,3,1
Module File,"GPT36FewShot.py",0,5,5,2,6,3,
Class,"GPT36ZeroShot.EmailClient",0,6,6,2,,3,1
Module File,"GPT36ZeroShot.py",0,6,6,2,6,3,
Class,"GPT37COT.EncryptionUtils",1,0,10,4,,7,1
Module File,"GPT37COT.py",1,0,10,4,4,7,
Class,"GPT37COTFewShot.EncryptionUtils",0,0,9,3,,5,1
Module File,"GPT37COTFewShot.py",0,0,9,3,4,5,
Class,"GPT37FewShot.EncryptionUtils",1,8,10,4,,5,1
Module File,"GPT37FewShot.py",1,8,10,4,4,5,
Class,"GPT37ZeroShot.EncryptionUtils",1,8,10,4,,5,1
Module File,"GPT37ZeroShot.py",1,8,10,4,4,5,
Class,"GPT38COT.ExcelProcessor",1,0,8,3,,4,4
Module File,"GPT38COT.py",1,0,8,3,4,4,
Class,"GPT38COTFewShot.ExcelProcessor",0,0,9,3,,5,2
Module File,"GPT38COTFewShot.py",0,0,9,3,4,5,
Class,"GPT38FewShot.ExcelProcessor",2,7,10,3,,5,5
Module File,"GPT38FewShot.py",2,7,10,3,4,5,
Class,"GPT38ZeroShot.ExcelProcessor",2,6,7,3,,4,4
Module File,"GPT38ZeroShot.py",2,6,7,3,4,4,
Class,"GPT39COT.ExpressionCalculator",0,0,7,3,,6,1
Module File,"GPT39COT.py",0,0,7,3,7,6,
Class,"GPT39COTFewShot.ExpressionCalculator",0,0,9,3,,10,1
Module File,"GPT39COTFewShot.py",0,0,9,3,7,10,
Class,"GPT39FewShot.ExpressionCalculator",0,0,7,3,,8,1
Module File,"GPT39FewShot.py",0,0,7,3,7,8,
Class,"GPT39ZeroShot.ExpressionCalculator",0,6,8,3,,8,2
Module File,"GPT39ZeroShot.py",0,6,8,3,8,8,
Class,"GPT3COT.ArrangementCalculator",0,0,5,2,,4,1
Module File,"GPT3COT.py",0,0,5,2,7,4,
Class,"GPT3COTFewShot.ArrangementCalculator",0,0,5,2,,4,1
Module File,"GPT3COTFewShot.py",0,0,5,2,7,4,
Class,"GPT3FewShot.ArrangementCalculator",0,7,4,2,,2,3
Module File,"GPT3FewShot.py",0,7,4,2,6,2,
Class,"GPT3ZeroShot.ArrangementCalculator",0,4,4,2,,2,3
Module File,"GPT3ZeroShot.py",0,4,4,2,6,2,
Class,"GPT40COT.FitnessTracker",0,0,9,3,,5,1
Module File,"GPT40COT.py",0,0,9,3,4,5,
Class,"GPT40COTFewShot.FitnessTracker",0,0,10,3,,6,0
Module File,"GPT40COTFewShot.py",0,0,10,3,4,6,
Class,"GPT40FewShot.FitnessTracker",1,9,8,3,,4,0
Module File,"GPT40FewShot.py",1,9,8,3,4,4,
Class,"GPT40ZeroShot.FitnessTracker",1,8,9,3,,4,1
Module File,"GPT40ZeroShot.py",1,8,9,3,4,4,
Class,"GPT41COT.GomokuGame",0,0,8,3,,5,1
Module File,"GPT41COT.py",0,0,8,3,4,5,
Class,"GPT41COTFewShot.GomokuGame",0,0,8,3,,5,1
Module File,"GPT41COTFewShot.py",0,0,8,3,4,5,
Class,"GPT41FewShot.GomokuGame",1,7,8,3,,6,1
Module File,"GPT41FewShot.py",1,7,8,3,4,6,
Class,"GPT41ZeroShot.GomokuGame",1,5,8,3,,6,1
Module File,"GPT41ZeroShot.py",1,5,8,3,4,6,
Class,"GPT42COT.Hotel",0,0,7,3,,5,0
Module File,"GPT42COT.py",0,0,7,3,5,5,
Class,"GPT42COTFewShot.Hotel",0,0,7,3,,5,0
Module File,"GPT42COTFewShot.py",0,0,7,3,5,5,
Class,"GPT42FewShot.Hotel",1,4,7,3,,5,0
Module File,"GPT42FewShot.py",1,4,7,3,5,5,
Class,"GPT42ZeroShot.Hotel",1,6,6,3,,5,0
Module File,"GPT42ZeroShot.py",1,6,6,3,5,5,
Class,"GPT43COT.HRManagementSystem",0,0,4,2,,2,0
Module File,"GPT43COT.py",0,0,4,2,6,2,
Class,"GPT43COTFewShot.HRManagementSystem",0,0,4,2,,2,0
Module File,"GPT43COTFewShot.py",0,0,4,2,6,2,
Class,"GPT43FewShot.HRManagementSystem",0,7,4,2,,2,2
Module File,"GPT43FewShot.py",0,7,4,2,6,2,
Class,"GPT43ZeroShot.HRManagementSystem",0,5,4,2,,2,3
Module File,"GPT43ZeroShot.py",0,5,4,2,6,2,
Class,"GPT44COT.HtmlUtil",0,0,6,2,,2,0
Module File,"GPT44COT.py",0,0,6,2,4,2,
Class,"GPT44COTFewShot.HtmlUtil",0,0,6,1,,2,0
Module File,"GPT44COTFewShot.py",0,0,6,1,4,2,
Class,"GPT44FewShot.HtmlUtil",1,5,6,2,,2,0
Module File,"GPT44FewShot.py",1,5,6,2,4,2,
Class,"GPT44ZeroShot.HtmlUtil",1,6,4,1,,2,0
Module File,"GPT44ZeroShot.py",1,6,4,1,4,2,
Class,"GPT45COT.ImageProcessor",0,0,3,2,,2,0
Module File,"GPT45COT.py",0,0,3,2,6,2,
Class,"GPT45COTFewShot.ImageProcessor",0,0,3,2,,2,0
Module File,"GPT45COTFewShot.py",0,0,3,2,6,2,
Class,"GPT45FewShot.ImageProcessor",0,7,3,2,,2,0
Module File,"GPT45FewShot.py",0,7,3,2,6,2,
Class,"GPT45ZeroShot.ImageProcessor",0,3,4,2,,2,1
Module File,"GPT45ZeroShot.py",0,3,4,2,6,2,
Class,"GPT46COT.Interpolation",0,0,9,3,,5,2
Module File,"GPT46COT.py",0,0,9,3,3,5,
Class,"GPT46COTFewShot.Interpolation",0,0,9,3,,5,2
Module File,"GPT46COTFewShot.py",0,0,9,3,3,5,
Class,"GPT46FewShot.Interpolation",1,10,9,3,,5,2
Module File,"GPT46FewShot.py",1,10,9,3,3,5,
Class,"GPT46ZeroShot.Interpolation",1,7,9,4,,6,2
Module File,"GPT46ZeroShot.py",1,7,9,4,3,6,
Class,"GPT47COT.IPAddress",0,0,6,3,,5,1
Module File,"GPT47COT.py",0,0,6,3,4,5,
Class,"GPT47COTFewShot.IPAddress",0,0,5,2,,4,1
Module File,"GPT47COTFewShot.py",0,0,5,2,4,4,
Class,"GPT47FewShot.IPAddress",1,8,5,2,,4,1
Module File,"GPT47FewShot.py",1,8,5,2,4,4,
Class,"GPT47ZeroShot.IPAddress",1,6,6,3,,5,1
Module File,"GPT47ZeroShot.py",1,6,6,3,4,5,
Class,"GPT48COT.IpUtil",0,0,6,2,,2,0
Module File,"GPT48COT.py",0,0,6,2,3,2,
Class,"GPT48COTFewShot.IpUtil",0,0,7,3,,4,1
Module File,"GPT48COTFewShot.py",0,0,7,3,4,4,
Class,"GPT48FewShot.IpUtil",0,10,6,2,,2,0
Module File,"GPT48FewShot.py",0,10,6,2,3,2,
Class,"GPT48ZeroShot.IpUtil",0,5,6,2,,2,1
Module File,"GPT48ZeroShot.py",0,5,6,2,4,2,
Class,"GPT49COT.JobMarketplace",0,0,4,1,,2,0
Module File,"GPT49COT.py",0,0,4,1,8,2,
Class,"GPT49COTFewShot.JobMarketplace",0,0,4,1,,2,0
Module File,"GPT49COTFewShot.py",0,0,4,1,8,2,
Class,"GPT49FewShot.JobMarketplace",0,6,5,1,,2,0
Module File,"GPT49FewShot.py",0,6,5,1,8,2,
Class,"GPT49ZeroShot.JobMarketplace",0,6,5,1,,2,1
Module File,"GPT49ZeroShot.py",0,6,5,1,8,2,
Class,"GPT4COT.AssessmentSystem",0,0,6,2,,4,0
Module File,"GPT4COT.py",0,0,6,2,7,4,
Class,"GPT4COTFewShot.AssessmentSystem",0,0,6,2,,4,0
Module File,"GPT4COTFewShot.py",0,0,6,2,7,4,
Class,"GPT4FewShot.AssessmentSystem",0,6,5,2,,4,0
Module File,"GPT4FewShot.py",0,6,5,2,7,4,
Class,"GPT4ZeroShot.AssessmentSystem",0,5,5,3,,4,0
Module File,"GPT4ZeroShot.py",0,5,5,3,7,4,
Class,"GPT50COT.JSONProcessor",0,0,9,3,,4,1
Module File,"GPT50COT.py",0,0,9,3,3,4,
Class,"GPT50COTFewShot.JSONProcessor",0,0,9,3,,3,0
Module File,"GPT50COTFewShot.py",0,0,9,3,3,3,
Class,"GPT50FewShot.JSONProcessor",1,14,8,3,,4,0
Module File,"GPT50FewShot.py",1,14,8,3,3,4,
Class,"GPT50ZeroShot.JSONProcessor",0,8,11,3,,5,1
Module File,"GPT50ZeroShot.py",0,8,11,3,3,5,
Class,"GPT51COT.KappaCalculator",0,0,6,1,,1,0
Module File,"GPT51COT.py",0,0,6,1,2,1,
Class,"GPT51COTFewShot.KappaCalculator",4,4,8,1,,1,0
Module File,"GPT51COTFewShot.py",4,4,8,1,2,1,
Class,"GPT51FewShot.KappaCalculator",6,19,9,1,,1,0
Module File,"GPT51FewShot.py",6,19,9,1,2,1,
Class,"GPT51ZeroShot.KappaCalculator",5,12,10,2,,2,1
Module File,"GPT51ZeroShot.py",5,12,10,2,2,2,
Class,"GPT52COT.Lemmatization",0,1,6,2,,5,1
Module File,"GPT52COT.py",0,1,6,2,5,5,
Class,"GPT52COTFewShot.Lemmatization",0,0,6,2,,5,1
Module File,"GPT52COTFewShot.py",0,0,6,2,5,5,
Class,"GPT52FewShot.Lemmatization",0,7,5,2,,5,1
Module File,"GPT52FewShot.py",0,7,5,2,5,5,
Class,"GPT52ZeroShot.Lemmatization",1,7,6,2,,5,1
Module File,"GPT52ZeroShot.py",1,7,6,2,5,5,
Class,"GPT53COT.LongestWord",1,1,5,2,,4,1
Module File,"GPT53COT.py",1,1,5,2,3,4,
Class,"GPT53COTFewShot.LongestWord",0,0,4,2,,3,0
Module File,"GPT53COTFewShot.py",0,0,4,2,3,3,
Class,"GPT53FewShot.LongestWord",1,7,4,2,,3,1
Module File,"GPT53FewShot.py",1,7,4,2,3,3,
Class,"GPT53ZeroShot.LongestWord",1,6,4,2,,3,0
Module File,"GPT53ZeroShot.py",1,6,4,2,3,3,
Class,"GPT54COT.MahjongConnect",0,0,8,3,,5,1
Module File,"GPT54COT.py",0,0,8,3,6,5,
Class,"GPT54COTFewShot.MahjongConnect",0,0,4,2,,5,1
Module File,"GPT54COTFewShot.py",0,0,4,2,7,5,
Class,"GPT54FewShot.MahjongConnect",0,6,5,2,,4,1
Module File,"GPT54FewShot.py",0,6,5,2,7,4,
Class,"GPT54ZeroShot.MahjongConnect",2,6,7,2,,4,2
Module File,"GPT54ZeroShot.py",2,6,7,2,6,4,
Class,"GPT55COT.Manacher",2,1,7,3,,5,4
Module File,"GPT55COT.py",2,1,7,3,3,5,
Class,"GPT55COTFewShot.Manacher",2,1,8,3,,5,2
Module File,"GPT55COTFewShot.py",2,1,8,3,3,5,
Class,"GPT55FewShot.Manacher",1,9,8,2,,4,2
Module File,"GPT55FewShot.py",1,9,8,2,3,4,
Class,"GPT55ZeroShot.Manacher",2,8,9,3,,5,1
Module File,"GPT55ZeroShot.py",2,8,9,3,3,5,
Class,"GPT56COT.MetricsCalculator",0,0,6,3,,6,1
Module File,"GPT56COT.py",0,0,6,3,6,6,
Class,"GPT56COTFewShot.MetricsCalculator",0,0,6,3,,6,1
Module File,"GPT56COTFewShot.py",0,0,6,3,6,6,
Class,"GPT56FewShot.MetricsCalculator",0,4,6,3,,6,1
Module File,"GPT56FewShot.py",0,4,6,3,6,6,
Class,"GPT56ZeroShot.MetricsCalculator",0,4,6,3,,6,1
Module File,"GPT56ZeroShot.py",0,4,6,3,6,6,
Class,"GPT57COT.MetricsCalculator2",0,0,15,5,,7,2
Module File,"GPT57COT.py",0,0,15,5,3,7,
Class,"GPT57COTFewShot.MetricsCalculator2",0,0,13,5,,7,2
Module File,"GPT57COTFewShot.py",0,0,13,5,3,7,
Class,"GPT57FewShot.MetricsCalculator2",0,3,9,2,,4,2
Module File,"GPT57FewShot.py",0,3,9,2,5,4,
Class,"GPT57ZeroShot.MetricsCalculator2",3,5,10,3,,5,2
Module File,"GPT57ZeroShot.py",3,5,10,3,3,5,
Class,"GPT58COT.MinesweeperGame",0,0,7,3,,6,2
Module File,"GPT58COT.py",0,0,7,3,5,6,
Class,"GPT58COTFewShot.MinesweeperGame",0,1,8,3,,8,1
Module File,"GPT58COTFewShot.py",0,1,8,3,5,8,
Class,"GPT58FewShot.MinesweeperGame",1,6,7,3,,6,1
Module File,"GPT58FewShot.py",1,6,7,3,5,6,
Class,"GPT58ZeroShot.MinesweeperGame",2,7,9,4,,9,2
Module File,"GPT58ZeroShot.py",2,7,9,4,5,9,
Class,"GPT59COT.MovieBookingSystem",0,0,8,3,,5,1
Module File,"GPT59COT.py",0,0,8,3,4,5,
Class,"GPT59COTFewShot.MovieBookingSystem",0,0,8,3,,6,1
Module File,"GPT59COTFewShot.py",0,0,8,3,4,6,
Class,"GPT59FewShot.MovieBookingSystem",1,8,8,3,,5,1
Module File,"GPT59FewShot.py",1,8,8,3,4,5,
Class,"GPT59ZeroShot.MovieBookingSystem",1,6,7,3,,5,0
Module File,"GPT59ZeroShot.py",1,6,7,3,4,5,
Class,"GPT5COT.AutomaticGuitarSimulator",0,0,5,2,,3,2
Module File,"GPT5COT.py",0,0,5,2,3,3,
Class,"GPT5COTFewShot.AutomaticGuitarSimulator",1,0,5,2,,3,2
Module File,"GPT5COTFewShot.py",1,0,5,2,3,3,
Class,"GPT5FewShot.AutomaticGuitarSimulator",1,10,6,3,,6,1
Module File,"GPT5FewShot.py",1,10,6,3,3,6,
Class,"GPT5ZeroShot.AutomaticGuitarSimulator",2,6,7,4,,7,0
Module File,"GPT5ZeroShot.py",2,6,7,4,3,7,
Class,"GPT60COT.MovieTicketDB",0,0,6,1,,1,0
Module File,"GPT60COT.py",0,0,6,1,5,1,
Class,"GPT60COTFewShot.MovieTicketDB",0,0,6,1,,1,0
Module File,"GPT60COTFewShot.py",0,0,6,1,6,1,
Class,"GPT60FewShot.MovieTicketDB",0,5,6,1,,1,0
Module File,"GPT60FewShot.py",0,5,6,1,6,1,
Class,"GPT60ZeroShot.MovieTicketDB",0,7,9,1,,1,0
Module File,"GPT60ZeroShot.py",0,7,9,1,5,1,
Class,"GPT61COT.MusicPlayer",0,0,5,2,,3,0
Module File,"GPT61COT.py",0,0,5,2,9,3,
Class,"GPT61COTFewShot.MusicPlayer",0,0,5,2,,3,0
Module File,"GPT61COTFewShot.py",0,0,5,2,9,3,
Class,"GPT61FewShot.MusicPlayer",0,8,5,2,,2,0
Module File,"GPT61FewShot.py",0,8,5,2,9,2,
Class,"GPT61ZeroShot.MusicPlayer",0,5,5,2,,3,0
Module File,"GPT61ZeroShot.py",0,5,5,2,9,3,
Class,"GPT62COT.NLPDataProcessor",0,1,4,1,,2,0
Module File,"GPT62COT.py",0,1,4,1,3,2,
Class,"GPT62COTFewShot.NLPDataProcessor",0,0,4,1,,2,0
Module File,"GPT62COTFewShot.py",0,0,4,1,3,2,
Class,"GPT62FewShot.NLPDataProcessor",0,9,4,1,,2,0
Module File,"GPT62FewShot.py",0,9,4,1,3,2,
Class,"GPT62ZeroShot.NLPDataProcessor",1,8,5,1,,2,0
Module File,"GPT62ZeroShot.py",1,8,5,1,3,2,
Class,"GPT63COT.NLPDataProcessor2",0,1,5,2,,2,1
Module File,"GPT63COT.py",0,1,5,2,3,2,
Class,"GPT63COTFewShot.NLPDataProcessor",0,0,5,2,,2,1
Module File,"GPT63COTFewShot.py",0,0,5,2,3,2,
Class,"GPT63FewShot.NLPDataProcessor2",2,8,5,1,,2,1
Module File,"GPT63FewShot.py",2,8,5,1,3,2,
Class,"GPT63ZeroShot.NLPDataProcessor2",1,9,5,1,,2,1
Module File,"GPT63ZeroShot.py",1,9,5,1,3,2,
Class,"GPT64COT.NumberConverter",0,0,2,1,,1,1
Module File,"GPT64COT.py",0,0,2,1,6,1,
Class,"GPT64COTFewShot.NumberConverter",0,0,2,1,,1,1
Module File,"GPT64COTFewShot.py",0,0,2,1,6,1,
Class,"GPT64FewShot.NumberConverter",0,9,2,1,,1,1
Module File,"GPT64FewShot.py",0,9,2,1,6,1,
Class,"GPT64ZeroShot.NumberConverter",0,5,2,1,,1,1
Module File,"GPT64ZeroShot.py",0,5,2,1,6,1,
Class,"GPT65COT.NumberWordFormatter",0,0,8,3,,5,4
Module File,"GPT65COT.py",0,0,8,3,6,5,
Class,"GPT65COTFewShot.NumberWordFormatter",0,0,9,3,,5,6
Module File,"GPT65COTFewShot.py",0,0,9,3,6,5,
Class,"GPT65FewShot.NumberWordFormatter",1,0,7,3,,5,5
Module File,"GPT65FewShot.py",1,0,7,3,6,5,
Class,"GPT65ZeroShot.NumberWordFormatter",0,4,7,2,,4,4
Module File,"GPT65ZeroShot.py",0,4,7,2,7,4,
Class,"GPT66COT.NumericEntityUnescaper",0,0,11,3,,8,2
Module File,"GPT66COT.py",0,0,11,3,3,8,
Class,"GPT66COTFewShot.NumericEntityUnescaper",1,1,11,3,,8,3
Module File,"GPT66COTFewShot.py",1,1,11,3,3,8,
Class,"GPT66FewShot.NumericEntityUnescaper",0,6,2,1,,1,0
Module File,"GPT66FewShot.py",0,6,2,1,3,1,
Class,"GPT66ZeroShot.NumericEntityUnescaper",1,6,7,2,,3,2
Module File,"GPT66ZeroShot.py",1,6,7,2,4,3,
Class,"GPT67COT.Order",0,0,6,2,,3,0
Module File,"GPT67COT.py",0,0,6,2,4,3,
Class,"GPT67COTFewShot.Order",0,0,5,2,,3,0
Module File,"GPT67COTFewShot.py",0,0,5,2,4,3,
Class,"GPT67FewShot.Order",0,7,5,2,,3,0
Module File,"GPT67FewShot.py",0,7,5,2,4,3,
Class,"GPT67ZeroShot.Order",0,6,7,2,,3,0
Module File,"GPT67ZeroShot.py",0,6,7,2,4,3,
Class,"GPT68COT.PageUtil",0,0,8,1,,2,1
Module File,"GPT68COT.py",0,0,8,1,4,2,
Class,"GPT68COTFewShot.PageUtil",0,0,8,1,,1,1
Module File,"GPT68COTFewShot.py",0,0,8,1,4,1,
Class,"GPT68FewShot.PageUtil",0,11,9,2,,2,1
Module File,"GPT68FewShot.py",0,11,9,2,4,2,
Class,"GPT68ZeroShot.PageUtil",0,6,7,1,,2,1
Module File,"GPT68ZeroShot.py",0,6,7,1,4,2,
Class,"GPT69COT.PDFHandler",0,0,6,2,,3,1
Module File,"GPT69COT.py",0,0,6,2,3,3,
Class,"GPT69COTFewShot.PDFHandler",0,0,7,3,,4,3
Module File,"GPT69COTFewShot.py",0,0,7,3,3,4,
Class,"GPT69FewShot.PDFHandler",2,10,7,2,,3,1
Module File,"GPT69FewShot.py",2,10,7,2,3,3,
Class,"GPT69ZeroShot.PDFHandler",2,5,6,2,,3,1
Module File,"GPT69ZeroShot.py",2,5,6,2,3,3,
Class,"GPT6COT.AvgPartition",0,0,4,1,,2,0
Module File,"GPT6COT.py",0,0,4,1,3,2,
Class,"GPT6COTFewShot.AvgPartition",0,0,5,2,,2,1
Module File,"GPT6COTFewShot.py",0,0,5,2,3,2,
Class,"GPT6FewShot.AvgPartition",0,8,4,1,,2,0
Module File,"GPT6FewShot.py",0,8,4,1,3,2,
Class,"GPT6ZeroShot.AvgPartition",1,6,6,2,,3,2
Module File,"GPT6ZeroShot.py",1,6,6,2,3,3,
Class,"GPT70COT.PersonRequest",0,0,4,2,,2,1
Module File,"GPT70COT.py",0,0,4,2,4,2,
Class,"GPT70COTFewShot.PersonRequest",0,0,4,2,,2,1
Module File,"GPT70COTFewShot.py",0,0,4,2,4,2,
Class,"GPT70FewShot.PersonRequest",0,6,4,2,,2,1
Module File,"GPT70FewShot.py",0,6,4,2,4,2,
Class,"GPT70ZeroShot.PersonRequest",0,5,4,2,,2,1
Module File,"GPT70ZeroShot.py",0,5,4,2,4,2,
Class,"GPT71COT.PushBoxGame",2,1,12,4,,6,1
Module File,"GPT71COT.py",2,1,12,4,4,6,
Class,"GPT71COTFewShot.PushBoxGame",2,2,12,4,,6,1
Module File,"GPT71COTFewShot.py",2,2,12,4,4,6,
Class,"GPT71FewShot.PushBoxGame",2,5,11,5,,9,2
Module File,"GPT71FewShot.py",2,5,11,5,5,9,
Class,"GPT71ZeroShot.PushBoxGame",1,8,13,4,,6,1
Module File,"GPT71ZeroShot.py",1,8,13,4,4,6,
Class,"GPT72COT.RegexUtils",0,0,2,1,,1,1
Module File,"GPT72COT.py",0,0,2,1,10,1,
Class,"GPT72COTFewShot.RegexUtils",0,0,2,1,,1,1
Module File,"GPT72COTFewShot.py",0,0,2,1,10,1,
Class,"GPT72FewShot.RegexUtils",0,5,2,1,,1,0
Module File,"GPT72FewShot.py",0,5,2,1,10,1,
Class,"GPT72ZeroShot.RegexUtils",0,4,2,1,,1,0
Module File,"GPT72ZeroShot.py",0,4,2,1,10,1,
Class,"GPT73COT.RPGCharacter",0,0,5,2,,2,0
Module File,"GPT73COT.py",0,0,5,2,6,2,
Class,"GPT73COTFewShot.RPGCharacter",0,0,5,1,,2,0
Module File,"GPT73COTFewShot.py",0,0,5,1,6,2,
Class,"GPT73FewShot.RPGCharacter",0,6,5,2,,2,0
Module File,"GPT73FewShot.py",0,6,5,2,6,2,
Class,"GPT73ZeroShot.RPGCharacter",0,4,6,2,,3,0
Module File,"GPT73ZeroShot.py",0,4,6,2,6,3,
Class,"GPT74COT.Server",0,0,5,2,,3,0
Module File,"GPT74COT.py",0,0,5,2,6,3,
Class,"GPT74COTFewShot.Server",0,0,6,2,,3,0
Module File,"GPT74COTFewShot.py",0,0,6,2,6,3,
Class,"GPT74FewShot.Server",0,5,6,2,,3,0
Module File,"GPT74FewShot.py",0,5,6,2,6,3,
Class,"GPT74ZeroShot.Server",0,7,5,2,,3,0
Module File,"GPT74ZeroShot.py",0,7,5,2,6,3,
Class,"GPT75COT.ShoppingCart",0,0,4,2,,3,2
Module File,"GPT75COT.py",0,0,4,2,5,3,
Class,"GPT75COTFewShot.ShoppingCart",0,0,4,2,,3,0
Module File,"GPT75COTFewShot.py",0,0,4,2,5,3,
Class,"GPT75FewShot.ShoppingCart",0,6,4,2,,3,2
Module File,"GPT75FewShot.py",0,6,4,2,5,3,
Class,"GPT75ZeroShot.ShoppingCart",0,6,4,2,,3,2
Module File,"GPT75ZeroShot.py",0,6,4,2,5,3,
Class,"GPT76COT.SignInSystem",0,0,3,2,,2,0
Module File,"GPT76COT.py",0,0,3,2,6,2,
Class,"GPT76COTFewShot.SignInSystem",0,0,3,1,,2,0
Module File,"GPT76COTFewShot.py",0,0,3,1,6,2,
Class,"GPT76FewShot.SignInSystem",0,5,3,1,,2,0
Module File,"GPT76FewShot.py",0,5,3,1,6,2,
Class,"GPT76ZeroShot.SignInSystem",1,5,3,1,,2,0
Module File,"GPT76ZeroShot.py",1,5,3,1,6,2,
Class,"GPT77COT.Snake",0,0,7,2,,3,0
Module File,"GPT77COT.py",0,0,7,2,5,3,
Class,"GPT77COTFewShot.Snake",0,0,7,2,,3,0
Module File,"GPT77COTFewShot.py",0,0,7,2,5,3,
Class,"GPT77FewShot.Snake",0,6,7,2,,3,0
Module File,"GPT77FewShot.py",0,6,7,2,5,3,
Class,"GPT77ZeroShot.Snake",1,6,8,2,,3,0
Module File,"GPT77ZeroShot.py",1,6,8,2,5,3,
Class,"GPT78COT.SplitSentence",0,0,4,1,,1,0
Module File,"GPT78COT.py",0,0,4,1,3,1,
Class,"GPT78COTFewShot.SplitSentence",0,0,5,2,,3,0
Module File,"GPT78COTFewShot.py",0,0,5,2,3,3,
Class,"GPT78FewShot.SplitSentence",0,11,3,1,,1,0
Module File,"GPT78FewShot.py",0,11,3,1,3,1,
Class,"GPT78ZeroShot.SplitSentence",0,7,4,1,,1,0
Module File,"GPT78ZeroShot.py",0,7,4,1,3,1,
Class,"GPT79COT.SQLGenerator",0,0,3,1,,3,0
Module File,"GPT79COT.py",0,0,3,1,7,3,
Class,"GPT79COTFewShot.SQLGenerator",0,0,3,1,,3,0
Module File,"GPT79COTFewShot.py",0,0,3,1,7,3,
Class,"GPT79FewShot.SQLGenerator",0,5,3,1,,3,0
Module File,"GPT79FewShot.py",0,5,3,1,7,3,
Class,"GPT79ZeroShot.SQLGenerator",0,4,3,2,,3,0
Module File,"GPT79ZeroShot.py",0,4,3,2,7,3,
Class,"GPT7COT.BalancedBrackets",0,0,6,3,,6,0
Module File,"GPT7COT.py",0,0,6,3,3,6,
Class,"GPT7COTFewShot.BalancedBrackets",0,0,6,3,,6,0
Module File,"GPT7COTFewShot.py",0,0,6,3,3,6,
Class,"GPT7FewShot.BalancedBrackets",1,9,6,2,,5,0
Module File,"GPT7FewShot.py",1,9,6,2,3,5,
Class,"GPT7ZeroShot.BalancedBrackets",1,6,6,2,,5,1
Module File,"GPT7ZeroShot.py",1,6,6,2,3,5,
Class,"GPT80COT.SQLQueryBuilder",0,0,6,2,,3,1
Module File,"GPT80COT.py",0,0,6,2,4,3,
Class,"GPT80COTFewShot.SQLQueryBuilder",0,0,7,2,,3,1
Module File,"GPT80COTFewShot.py",0,0,7,2,4,3,
Class,"GPT80FewShot.SQLQueryBuilder",2,8,6,2,,3,1
Module File,"GPT80FewShot.py",2,8,6,2,4,3,
Class,"GPT80ZeroShot.SQLQueryBuilder",3,9,6,2,,3,1
Module File,"GPT80ZeroShot.py",3,9,6,2,4,3,
Class,"GPT81COT.Statistics3",0,0,6,2,,4,1
Module File,"GPT81COT.py",0,0,6,2,7,4,
Class,"GPT81COTFewShot.Statistics3",0,0,5,1,,3,1
Module File,"GPT81COTFewShot.py",0,0,5,1,7,3,
Class,"GPT81FewShot.Statistics3",1,7,5,2,,3,1
Module File,"GPT81FewShot.py",1,7,5,2,7,3,
Class,"GPT81ZeroShot.Statistics3",1,4,6,2,,4,2
Module File,"GPT81ZeroShot.py",1,4,6,2,7,4,
Class,"GPT82COT.StockPortfolioTracker",0,0,5,2,,5,0
Module File,"GPT82COT.py",0,0,5,2,8,5,
Class,"GPT82COTFewShot.StockPortfolioTracker",0,0,5,2,,4,0
Module File,"GPT82COTFewShot.py",0,0,5,2,8,4,
Class,"GPT82FewShot.StockPortfolioTracker",0,4,5,2,,4,0
Module File,"GPT82FewShot.py",0,4,5,2,8,4,
Class,"GPT82ZeroShot.StockPortfolioTracker",0,4,6,2,,3,0
Module File,"GPT82ZeroShot.py",0,4,6,2,8,3,
Class,"GPT83COT.StudentDatabaseProcessor",0,0,8,1,,1,0
Module File,"GPT83COT.py",0,0,8,1,5,1,
Class,"GPT83COTFewShot.StudentDatabaseProcessor",0,0,7,1,,1,0
Module File,"GPT83COTFewShot.py",0,0,7,1,5,1,
Class,"GPT83FewShot.StudentDatabaseProcessor",2,7,8,1,,1,0
Module File,"GPT83FewShot.py",2,7,8,1,5,1,
Class,"GPT83ZeroShot.StudentDatabaseProcessor",0,4,6,1,,1,0
Module File,"GPT83ZeroShot.py",0,4,6,1,6,1,
Class,"GPT84COT.StudentDatabaseProcessor",0,0,7,1,,1,0
Module File,"GPT84COT.py",0,0,7,1,5,1,
Class,"GPT84COTFewShot.StudentDatabaseProcessor",0,0,10,1,,1,0
Module File,"GPT84COTFewShot.py",0,0,10,1,5,1,
Class,"GPT84FewShot.TextFileProcessor",0,8,4,1,,1,2
Module File,"GPT84FewShot.py",0,8,4,1,5,1,
Class,"GPT84ZeroShot.TextFileProcessor",0,4,3,1,,1,2
Module File,"GPT84ZeroShot.py",0,4,3,1,5,1,
Class,"GPT85COT.Thermostat",0,0,5,2,,4,0
Module File,"GPT85COT.py",0,0,5,2,8,4,
Class,"GPT85COTFewShot.Thermostat",0,0,4,2,,4,0
Module File,"GPT85COTFewShot.py",0,0,4,2,8,4,
Class,"GPT85FewShot.Thermostat",1,5,5,2,,6,1
Module File,"GPT85FewShot.py",1,5,5,2,8,6,
Class,"GPT85ZeroShot.Thermostat",0,5,5,2,,4,1
Module File,"GPT85ZeroShot.py",0,5,5,2,8,4,
Class,"GPT86COT.TicTacToe",0,1,7,4,,7,1
Module File,"GPT86COT.py",0,1,7,4,4,7,
Class,"GPT86COTFewShot.TicTacToe",0,0,4,2,,3,3
Module File,"GPT86COTFewShot.py",0,0,4,2,4,3,
Class,"GPT86FewShot.TicTacToe",1,6,6,3,,6,1
Module File,"GPT86FewShot.py",1,6,6,3,4,6,
Class,"GPT86ZeroShot.TicTacToe",1,6,7,4,,7,1
Module File,"GPT86ZeroShot.py",1,6,7,4,4,7,
Class,"GPT87COT.TimeUtils",0,0,3,1,,1,0
Module File,"GPT87COT.py",0,0,3,1,8,1,
Class,"GPT87COTFewShot.TimeUtils",0,0,3,1,,1,0
Module File,"GPT87COTFewShot.py",0,0,3,1,8,1,
Class,"GPT87FewShot.TimeUtils",0,6,3,1,,1,0
Module File,"GPT87FewShot.py",0,6,3,1,8,1,
Class,"GPT87ZeroShot.TimeUtils",0,5,3,1,,1,2
Module File,"GPT87ZeroShot.py",0,5,3,1,8,1,
Class,"GPT88COT.TriCalculator",0,0,5,2,,3,2
Module File,"GPT88COT.py",0,0,5,2,6,3,
Class,"GPT88COTFewShot.TriCalculator",0,0,4,2,,2,2
Module File,"GPT88COTFewShot.py",0,0,4,2,6,2,
Class,"GPT88FewShot.TriCalculator",0,7,5,2,,3,2
Module File,"GPT88FewShot.py",0,7,5,2,6,3,
Class,"GPT88ZeroShot.TriCalculator",0,5,5,2,,3,2
Module File,"GPT88ZeroShot.py",0,5,5,2,6,3,
Class,"GPT89COT.TwentyFourPointGame",0,0,4,2,,3,1
Module File,"GPT89COT.py",0,0,4,2,5,3,
Class,"GPT89COTFewShot.TwentyFourPointGame",0,0,3,1,,2,1
Module File,"GPT89COTFewShot.py",0,0,3,1,5,2,
Class,"GPT89FewShot.TwentyFourPointGame",0,7,4,1,,2,2
Module File,"GPT89FewShot.py",0,7,4,1,5,2,
Class,"GPT89ZeroShot.TwentyFourPointGame",0,4,5,2,,5,5
Module File,"GPT89ZeroShot.py",0,4,5,2,5,5,
Class,"GPT8COT.BankAccount",0,0,5,2,,3,1
Module File,"GPT8COT.py",0,0,5,2,5,3,
Class,"GPT8COTFewShot.BankAccount",0,0,5,2,,3,1
Module File,"GPT8COTFewShot.py",0,0,5,2,5,3,
Class,"GPT8FewShot.BankAccount",0,5,5,2,,3,1
Module File,"GPT8FewShot.py",0,5,5,2,5,3,
Class,"GPT8ZeroShot.BankAccount",0,5,5,2,,3,1
Module File,"GPT8ZeroShot.py",0,5,5,2,5,3,
Class,"GPT90COT.URLHandler",0,0,2,1,,1,0
Module File,"GPT90COT.py",0,0,2,1,6,1,
Class,"GPT90COTFewShot.URLHandler",0,0,7,3,,5,0
Module File,"GPT90COTFewShot.py",0,0,7,3,6,5,
Class,"GPT90FewShot.URLHandler",0,8,2,1,,1,0
Module File,"GPT90FewShot.py",0,8,2,1,6,1,
Class,"GPT90ZeroShot.URLHandler",0,5,2,1,,1,0
Module File,"GPT90ZeroShot.py",0,5,2,1,6,1,
Class,"GPT91COT.UrlPath",0,0,3,1,,1,0
Module File,"GPT91COT.py",0,0,3,1,4,1,
Class,"GPT91COTFewShot.UrlPath",0,0,3,1,,1,0
Module File,"GPT91COTFewShot.py",0,0,3,1,4,1,
Class,"GPT91FewShot.UrlPath",0,9,4,1,,2,0
Module File,"GPT91FewShot.py",0,9,4,1,5,2,
Class,"GPT91ZeroShot.UrlPath",0,6,3,1,,2,0
Module File,"GPT91ZeroShot.py",0,6,3,1,4,2,
Class,"GPT92COT.UserLoginDB",0,0,6,1,,1,0
Module File,"GPT92COT.py",0,0,6,1,6,1,
Class,"GPT92COTFewShot.UserLoginDB",0,0,3,1,,1,1
Module File,"GPT92COTFewShot.py",0,0,3,1,7,1,
Class,"GPT92FewShot.UserLoginDB",0,5,4,1,,2,0
Module File,"GPT92FewShot.py",0,5,4,1,7,2,
Class,"GPT92ZeroShot.UserLoginDB",0,5,6,1,,2,0
Module File,"GPT92ZeroShot.py",0,5,6,1,6,2,
Class,"GPT93COT.VectorUtil",0,0,3,1,,1,4
Module File,"GPT93COT.py",0,0,3,1,4,1,
Class,"GPT93COTFewShot.VectorUtil",0,0,3,1,,1,0
Module File,"GPT93COTFewShot.py",0,0,3,1,4,1,
Class,"GPT93FewShot.VectorUtil",0,12,3,1,,1,0
Module File,"GPT93FewShot.py",0,12,3,1,4,1,
Class,"GPT93ZeroShot.VectorUtil",2,7,5,1,,2,0
Module File,"GPT93ZeroShot.py",2,7,5,1,4,2,
Class,"GPT94COT.VendingMachine",0,0,4,2,,3,0
Module File,"GPT94COT.py",0,0,4,2,6,3,
Class,"GPT94COTFewShot.VendingMachine",0,0,4,2,,3,0
Module File,"GPT94COTFewShot.py",0,0,4,2,6,3,
Class,"GPT94FewShot.VendingMachine",0,7,5,2,,3,0
Module File,"GPT94FewShot.py",0,7,5,2,6,3,
Class,"GPT94ZeroShot.VendingMachine",0,5,8,2,,4,0
Module File,"GPT94ZeroShot.py",0,5,8,2,6,4,
Class,"GPT95COT.Warehouse",0,0,4,2,,2,0
Module File,"GPT95COT.py",0,0,4,2,7,2,
Class,"GPT95COTFewShot.Warehouse",0,0,4,2,,2,0
Module File,"GPT95COTFewShot.py",0,0,4,2,7,2,
Class,"GPT95FewShot.Warehouse",0,10,4,2,,2,0
Module File,"GPT95FewShot.py",0,10,4,2,7,2,
Class,"GPT95ZeroShot.Warehouse",0,4,4,2,,2,0
Module File,"GPT95ZeroShot.py",0,4,4,2,7,2,
Class,"GPT96COT.WeatherSystem",0,0,5,2,,4,0
Module File,"GPT96COT.py",0,0,5,2,5,4,
Class,"GPT96COTFewShot.WeatherSystem",0,0,5,2,,4,0
Module File,"GPT96COTFewShot.py",0,0,5,2,5,4,
Class,"GPT96FewShot.WeatherSystem",0,4,4,1,,3,0
Module File,"GPT96FewShot.py",0,4,4,1,5,3,
Class,"GPT96ZeroShot.WeatherSystem",1,5,4,2,,4,0
Module File,"GPT96ZeroShot.py",1,5,4,2,5,4,
Class,"GPT97COT.Words2Numbers",2,0,16,6,,7,5
Module File,"GPT97COT.py",2,0,16,6,3,7,
Class,"GPT97COTFewShot.Words2Numbers",2,0,15,6,,7,3
Module File,"GPT97COTFewShot.py",2,0,15,6,3,7,
Class,"GPT97FewShot.Words2Numbers",2,6,15,6,,7,3
Module File,"GPT97FewShot.py",2,6,15,6,3,7,
Module File,"GPT97ZeroShot.py",3,7,18,8,2,8,
Class,"GPT98COT.XMLProcessor",0,0,7,2,,3,1
Module File,"GPT98COT.py",0,0,7,2,5,3,
Class,"GPT98COTFewShot.XMLProcessor",0,0,6,2,,2,0
Module File,"GPT98COTFewShot.py",0,0,6,2,5,2,
Class,"GPT98FewShot.XMLProcessor",0,11,7,2,,4,1
Module File,"GPT98FewShot.py",0,11,7,2,5,4,
Class,"GPT98ZeroShot.XMLProcessor",0,4,8,2,,3,2
Module File,"GPT98ZeroShot.py",0,4,8,2,5,3,
Class,"GPT99COT.ZipFileProcessor",0,0,6,2,,3,1
Module File,"GPT99COT.py",0,0,6,2,5,3,
Class,"GPT99COTFewShot.ZipFileProcessor",0,0,6,2,,3,0
Module File,"GPT99COTFewShot.py",0,0,6,2,5,3,
Class,"GPT9COT.BigNumCalculator",0,1,2,1,,1,2
Module File,"GPT9COT.py",0,1,2,1,3,1,
Class,"GPT9COTFewShot.BigNumCalculator",0,0,2,1,,1,2
Module File,"GPT9COTFewShot.py",0,0,2,1,3,1,
Class,"GPT9FewShot.BigNumCalculator",0,10,2,1,,1,2
Module File,"GPT9FewShot.py",0,10,2,1,3,1,
Class,"GPT9ZeroShot.BigNumCalculator",0,5,2,1,,1,2
Module File,"GPT9ZeroShot.py",0,5,2,1,3,1,
